[
  {
    "id": "3ffce78e-b326-40e5-9acb-dec1ca264e65",
    "data": [
      {
        "text": "series @sys.any:data-series-2",
        "userDefined": false
      }
    ],
    "isTemplate": true,
    "count": 0
  },
  {
    "id": "de1377be-77d5-4d3c-b4a6-ebcbcefb3ba7",
    "data": [
      {
        "text": "Series X: 5, 5, 6, 4, 5, 1",
        "alias": "data-series-2",
        "meta": "@sys.any",
        "userDefined": true
      }
    ],
    "isTemplate": false,
    "count": 0
  },
  {
    "id": "64f44d46-f070-4b23-ad48-08d95dc531e0",
    "data": [
      {
        "text": "myseries: 0.1; 0.5; 0.9; 1.1; 1.2; 1.6; 1.8; 2.9; 3.0",
        "alias": "data-series-2",
        "meta": "@sys.any",
        "userDefined": true
      }
    ],
    "isTemplate": false,
    "count": 0
  },
  {
    "id": "6fecfa84-1c51-4e2f-9ca1-6dba13f65f3a",
    "data": [
      {
        "text": "series AT40: 10, 20, 30, 50, 100, 200, 260, 300",
        "alias": "data-series-2",
        "meta": "@sys.any",
        "userDefined": true
      }
    ],
    "isTemplate": false,
    "count": 0
  },
  {
    "id": "651525c9-302b-4c4d-b7ef-61f89805e391",
    "data": [
      {
        "text": "series A: 0.0 1.4 2.1 3.0 4.1 5.0",
        "alias": "data-series-2",
        "meta": "@sys.any",
        "userDefined": true
      }
    ],
    "isTemplate": false,
    "count": 1
  },
  {
    "id": "c01671d8-3dc6-4ce7-ab57-ebfb4b00dd4f",
    "data": [
      {
        "text": "series odd: 1, 3, 5, 7, 9, 11",
        "alias": "data-series-2",
        "meta": "@sys.any",
        "userDefined": true
      }
    ],
    "isTemplate": false,
    "count": 0
  },
  {
    "id": "b669cf3e-3465-4270-88e6-5331f352f041",
    "data": [
      {
        "text": "series Fibonacci: 1, 2, 4, 8, 16, 32",
        "alias": "data-series-2",
        "meta": "@sys.any",
        "userDefined": true
      }
    ],
    "isTemplate": false,
    "count": 0
  },
  {
    "id": "226a5c34-491b-4037-8df8-8f66212d7d0f",
    "data": [
      {
        "text": "@sys.any:data-series-2",
        "userDefined": false
      }
    ],
    "isTemplate": true,
    "count": 0
  }
]