[
  {
    "id": "a7604777-a808-4c0c-b1ee-4efe893a8732",
    "data": [
      {
        "text": "series @sys.any:data-series-1",
        "userDefined": false
      }
    ],
    "isTemplate": true,
    "count": 0
  },
  {
    "id": "f3703f6c-267b-47ae-a430-247cc84e0e0d",
    "data": [
      {
        "text": "Series X: 5, 5, 6, 4, 5, 1",
        "alias": "data-series-1",
        "meta": "@sys.any",
        "userDefined": true
      }
    ],
    "isTemplate": false,
    "count": 0
  },
  {
    "id": "8c184acc-8b18-4832-bf07-f9f393b2faae",
    "data": [
      {
        "text": "myseries: 0.1; 0.5; 0.9; 1.1; 1.2; 1.6; 1.8; 2.9; 3.0",
        "alias": "data-series-1",
        "meta": "@sys.any",
        "userDefined": true
      }
    ],
    "isTemplate": false,
    "count": 0
  },
  {
    "id": "1455b187-30f4-493f-94cc-6514ec7848e1",
    "data": [
      {
        "text": "series AT40: 10, 20, 30, 50, 100, 200, 260, 300",
        "alias": "data-series-1",
        "meta": "@sys.any",
        "userDefined": true
      }
    ],
    "isTemplate": false,
    "count": 0
  },
  {
    "id": "fbb4bfc8-c697-4452-80cb-d275f9c7a172",
    "data": [
      {
        "text": "series A: 0.0 1.4 2.1 3.0 4.1 5.0",
        "alias": "data-series-1",
        "meta": "@sys.any",
        "userDefined": true
      }
    ],
    "isTemplate": false,
    "count": 0
  },
  {
    "id": "ef2cdd4e-42b8-46e3-879c-3447aba1bb3d",
    "data": [
      {
        "text": "series A: 0.0 1.4 2.1 3.0 4.1 5.0",
        "alias": "data-series-1",
        "meta": "@sys.any",
        "userDefined": true
      }
    ],
    "isTemplate": false,
    "count": 0
  },
  {
    "id": "3ea20c38-f0d1-426c-9071-9250c5dc5a04",
    "data": [
      {
        "text": "series odd: 1, 3, 5, 7, 9, 11",
        "alias": "data-series-1",
        "meta": "@sys.any",
        "userDefined": true
      }
    ],
    "isTemplate": false,
    "count": 0
  },
  {
    "id": "07ab88ee-f0d3-4d73-aebc-943b0108d745",
    "data": [
      {
        "text": "series Fibonacci: 1, 2, 4, 8, 16, 32",
        "alias": "data-series-1",
        "meta": "@sys.any",
        "userDefined": true
      }
    ],
    "isTemplate": false,
    "count": 0
  },
  {
    "id": "99824ebf-0471-4625-914b-a6f18085a131",
    "data": [
      {
        "text": "@sys.any:data-series-1",
        "userDefined": false
      }
    ],
    "isTemplate": true,
    "count": 0
  }
]