[
  {
    "id": "837b9939-dd2a-4487-b888-a0ec83f8c58b",
    "data": [
      {
        "text": "stacked",
        "alias": "bar-chart-styles",
        "meta": "@bar-chart-styles",
        "userDefined": false
      },
      {
        "text": " ",
        "userDefined": false
      },
      {
        "text": "bar",
        "alias": "chart-types",
        "meta": "@chart-types",
        "userDefined": false
      }
    ],
    "isTemplate": false,
    "count": 0
  },
  {
    "id": "758fead6-2747-40da-b695-ba2fc4123f9c",
    "data": [
      {
        "text": "sStacked bartacked",
        "userDefined": false
      }
    ],
    "isTemplate": true,
    "count": 0
  }
]