[
  {
    "id": "fd0f8e18-4576-4b7f-b580-270cdda650d6",
    "data": [
      {
        "text": "go",
        "userDefined": false
      }
    ],
    "isTemplate": false,
    "count": 0,
    "updated": 1518427073
  },
  {
    "id": "19208d0e-f196-48ca-aa98-cb6a5f2138b7",
    "data": [
      {
        "text": "plot it",
        "userDefined": false
      }
    ],
    "isTemplate": false,
    "count": 0,
    "updated": 1518427073
  },
  {
    "id": "43b700bf-ca54-49b7-a3c5-0751bbdf6cdc",
    "data": [
      {
        "text": "draw it",
        "userDefined": false
      }
    ],
    "isTemplate": false,
    "count": 0,
    "updated": 1518427073
  },
  {
    "id": "8c34809a-99eb-4d03-9461-abdf5ae40228",
    "data": [
      {
        "text": "chart",
        "userDefined": false
      }
    ],
    "isTemplate": false,
    "count": 0,
    "updated": 1518427073
  },
  {
    "id": "69254541-b959-46c3-8965-dc41efeccb1f",
    "data": [
      {
        "text": " let\u0027s go",
        "userDefined": false
      }
    ],
    "isTemplate": false,
    "count": 0,
    "updated": 1518427073
  },
  {
    "id": "d6a42ccc-60e5-4e74-a2d6-4b0cd07e4ef7",
    "data": [
      {
        "text": "quite right",
        "userDefined": false
      }
    ],
    "isTemplate": false,
    "count": 0,
    "updated": 1518427073
  },
  {
    "id": "71af44ea-75ec-4de2-98ae-61a6b12d38ed",
    "data": [
      {
        "text": "right",
        "userDefined": false
      }
    ],
    "isTemplate": false,
    "count": 0,
    "updated": 1518427073
  },
  {
    "id": "ec8ccf6a-5ba3-419b-af75-845cd2cc1643",
    "data": [
      {
        "text": "yes",
        "userDefined": false
      }
    ],
    "isTemplate": false,
    "count": 0,
    "updated": 1518427073
  },
  {
    "id": "a01ddbe9-4649-4bff-b769-d9c2d405b437",
    "data": [
      {
        "text": "sufficient",
        "userDefined": false
      }
    ],
    "isTemplate": false,
    "count": 0,
    "updated": 1518427073
  },
  {
    "id": "802ede17-4b4e-43df-b9ef-50c02ff07741",
    "data": [
      {
        "text": "done",
        "userDefined": false
      }
    ],
    "isTemplate": false,
    "count": 0,
    "updated": 1518427073
  },
  {
    "id": "f8ffcf8e-13af-407a-9761-a3c4b55cfb15",
    "data": [
      {
        "text": "correct",
        "userDefined": false
      }
    ],
    "isTemplate": false,
    "count": 0,
    "updated": 1518426433
  },
  {
    "id": "2cc6325b-7d65-4832-b532-ca51e0717dcc",
    "data": [
      {
        "text": "no more",
        "userDefined": false
      }
    ],
    "isTemplate": false,
    "count": 0,
    "updated": 1518426433
  },
  {
    "id": "dc097f2c-e1dc-4fd2-ad2f-df873763f0e6",
    "data": [
      {
        "text": "that\u0027s ok",
        "userDefined": false
      }
    ],
    "isTemplate": false,
    "count": 0,
    "updated": 1518426433
  },
  {
    "id": "4061bd8d-670b-4388-9ff2-a4f5bdf3b46d",
    "data": [
      {
        "text": "that is all",
        "userDefined": false
      }
    ],
    "isTemplate": false,
    "count": 0,
    "updated": 1518426433
  },
  {
    "id": "e63639ef-bd50-4800-af82-132ae950601b",
    "data": [
      {
        "text": "that\u0027s all",
        "userDefined": false
      }
    ],
    "isTemplate": false,
    "count": 0,
    "updated": 1518426433
  },
  {
    "id": "37115cd9-9cb0-432a-a4c7-3cd64cc49b61",
    "data": [
      {
        "text": "enough",
        "userDefined": false
      }
    ],
    "isTemplate": false,
    "count": 0,
    "updated": 1518426433
  },
  {
    "id": "19cb904d-1f28-4baf-8188-4c53e33f19b1",
    "data": [
      {
        "text": "done",
        "userDefined": false
      }
    ],
    "isTemplate": false,
    "count": 0,
    "updated": 1518426433
  },
  {
    "id": "82dd9b50-a791-4298-b817-19cfdd83e03e",
    "data": [
      {
        "text": "ready",
        "userDefined": false
      }
    ],
    "isTemplate": false,
    "count": 0,
    "updated": 1518426433
  },
  {
    "id": "b86592fc-8e22-450b-b62a-d957809fde36",
    "data": [
      {
        "text": "draw plot",
        "userDefined": false
      }
    ],
    "isTemplate": false,
    "count": 0,
    "updated": 1518426433
  },
  {
    "id": "3efcae54-3654-427b-b540-8b0474ff261a",
    "data": [
      {
        "text": "make plot",
        "userDefined": false
      }
    ],
    "isTemplate": false,
    "count": 0,
    "updated": 1518426433
  },
  {
    "id": "34c7adc3-9b6d-458c-aa3b-1daa75303712",
    "data": [
      {
        "text": "plot",
        "userDefined": false
      }
    ],
    "isTemplate": false,
    "count": 0,
    "updated": 1518426433
  },
  {
    "id": "56bd394e-4a0e-4479-9d47-3895872f1e57",
    "data": [
      {
        "text": "make",
        "userDefined": false
      }
    ],
    "isTemplate": false,
    "count": 0,
    "updated": 1518426433
  },
  {
    "id": "842335bb-2447-4d9c-917e-7eb45d46e03f",
    "data": [
      {
        "text": "draw",
        "userDefined": false
      }
    ],
    "isTemplate": false,
    "count": 0,
    "updated": 1518426433
  },
  {
    "id": "117644dd-ec1f-4af2-898c-3f1eb35c2071",
    "data": [
      {
        "text": "ok",
        "userDefined": false
      }
    ],
    "isTemplate": false,
    "count": 0,
    "updated": 1518426433
  },
  {
    "id": "d08619a5-6022-47c1-9bdd-4df625a32e56",
    "data": [
      {
        "text": "make chart",
        "userDefined": false
      }
    ],
    "isTemplate": false,
    "count": 0,
    "updated": 1518426433
  },
  {
    "id": "89d940ba-366f-49ba-a701-d278271372e2",
    "data": [
      {
        "text": "plot chart",
        "userDefined": false
      }
    ],
    "isTemplate": false,
    "count": 0,
    "updated": 1518426433
  },
  {
    "id": "66d26eba-1267-4931-a7f7-184ee56b331c",
    "data": [
      {
        "text": "draw chart",
        "userDefined": false
      }
    ],
    "isTemplate": false,
    "count": 0,
    "updated": 1518426433
  },
  {
    "id": "512a419f-3d07-4b96-a59d-3a6f1663b834",
    "data": [
      {
        "text": "that\u0027s enough",
        "userDefined": false
      }
    ],
    "isTemplate": false,
    "count": 0,
    "updated": 1518426433
  }
]