[
  {
    "id": "8b53b0c2-74ae-4cbd-9dfd-a7a6f0369853",
    "data": [
      {
        "text": "stacked",
        "alias": "bar-chart-styles",
        "meta": "@bar-chart-styles",
        "userDefined": false
      },
      {
        "text": " ",
        "userDefined": false
      },
      {
        "text": "bar",
        "meta": "@sys.ignore",
        "userDefined": false
      }
    ],
    "isTemplate": false,
    "count": 0,
    "updated": 1518425463
  },
  {
    "id": "f18ecc60-5046-4f30-9f5e-c6e8336a2956",
    "data": [
      {
        "text": "stacked",
        "alias": "bar-chart-styles",
        "meta": "@bar-chart-styles",
        "userDefined": true
      }
    ],
    "isTemplate": false,
    "count": 0,
    "updated": 1518425463
  }
]