[
  {
    "id": "18835de3-9b92-449f-b9d4-fb46687db356",
    "data": [
      {
        "text": "bar plot",
        "alias": "chart-types",
        "meta": "@chart-types",
        "userDefined": false
      }
    ],
    "isTemplate": false,
    "count": 0,
    "updated": 1518291290
  },
  {
    "id": "c0bfa90c-b4e8-4a7e-9d90-4bf5116d6460",
    "data": [
      {
        "text": "column chart",
        "alias": "chart-types",
        "meta": "@chart-types",
        "userDefined": false
      }
    ],
    "isTemplate": false,
    "count": 0,
    "updated": 1518291290
  },
  {
    "id": "21e420d2-269e-46a0-9f52-8eec9240e883",
    "data": [
      {
        "text": "column",
        "alias": "chart-types",
        "meta": "@chart-types",
        "userDefined": false
      }
    ],
    "isTemplate": false,
    "count": 0,
    "updated": 1518291290
  },
  {
    "id": "5382a7fb-1e4d-48a9-aa92-da36509247c0",
    "data": [
      {
        "text": "bar chart",
        "alias": "chart-types",
        "meta": "@chart-types",
        "userDefined": false
      }
    ],
    "isTemplate": false,
    "count": 0,
    "updated": 1518291290
  },
  {
    "id": "3824b91d-a87f-4d87-b939-e697d214d8ca",
    "data": [
      {
        "text": "Draw ",
        "userDefined": false
      },
      {
        "text": "column",
        "alias": "chart-types",
        "meta": "@chart-types",
        "userDefined": false
      },
      {
        "text": " plot",
        "userDefined": false
      }
    ],
    "isTemplate": false,
    "count": 0,
    "updated": 1518291290
  },
  {
    "id": "f1790b04-bb63-4f09-abaf-9b6f7d429a99",
    "data": [
      {
        "text": "Make ",
        "userDefined": false
      },
      {
        "text": "bar plot",
        "alias": "chart-types",
        "meta": "@chart-types",
        "userDefined": false
      }
    ],
    "isTemplate": false,
    "count": 0,
    "updated": 1518291290
  },
  {
    "id": "a46ea2f8-582f-47c9-8923-15a806f51e04",
    "data": [
      {
        "text": "draw ",
        "userDefined": false
      },
      {
        "text": "barchart",
        "alias": "chart-types",
        "meta": "@chart-types",
        "userDefined": false
      }
    ],
    "isTemplate": false,
    "count": 0,
    "updated": 1518291290
  },
  {
    "id": "a383401a-1e0b-47e3-82a0-e4c5cc8eac2c",
    "data": [
      {
        "text": "Draw ",
        "userDefined": false
      },
      {
        "text": "bar chart",
        "alias": "chart-types",
        "meta": "@chart-types",
        "userDefined": false
      }
    ],
    "isTemplate": false,
    "count": 0,
    "updated": 1518291290
  },
  {
    "id": "7a863f80-8a02-4699-91d2-e264f4bae153",
    "data": [
      {
        "text": "I need a ",
        "userDefined": false
      },
      {
        "text": "bar chart",
        "alias": "chart-types",
        "meta": "@chart-types",
        "userDefined": false
      }
    ],
    "isTemplate": false,
    "count": 0,
    "updated": 1518291290
  },
  {
    "id": "7c2fc9f8-2567-42d0-b734-fa07b06ecd08",
    "data": [
      {
        "text": "bar chart",
        "alias": "chart-types",
        "meta": "@chart-types",
        "userDefined": false
      },
      {
        "text": " please",
        "userDefined": false
      }
    ],
    "isTemplate": false,
    "count": 1,
    "updated": 1518291290
  }
]