[
  {
    "id": "cf3f2ac4-0a0e-473f-aba4-d7e369f5485c",
    "data": [
      {
        "text": "I don\u0027t know",
        "userDefined": false
      }
    ],
    "isTemplate": false,
    "count": 0
  },
  {
    "id": "e5a257d0-806e-487e-97fa-1c66d18c0391",
    "data": [
      {
        "text": "basic",
        "alias": "bar-chart-styles",
        "meta": "@bar-chart-styles",
        "userDefined": false
      }
    ],
    "isTemplate": false,
    "count": 0
  },
  {
    "id": "47f0aa93-0743-4d76-b01b-54cac8f6b220",
    "data": [
      {
        "text": "basic",
        "alias": "bar-chart-styles",
        "meta": "@bar-chart-styles",
        "userDefined": false
      },
      {
        "text": " style",
        "userDefined": false
      }
    ],
    "isTemplate": false,
    "count": 0
  },
  {
    "id": "0903eec9-6491-449c-adfc-5111cda6e6bc",
    "data": [
      {
        "text": "basic",
        "alias": "bar-chart-styles",
        "meta": "@bar-chart-styles",
        "userDefined": false
      },
      {
        "text": " style please",
        "userDefined": false
      }
    ],
    "isTemplate": false,
    "count": 0
  },
  {
    "id": "84872ec5-3b14-47a7-aee5-05a50000d73e",
    "data": [
      {
        "text": "ordinary",
        "alias": "bar-chart-styles",
        "meta": "@bar-chart-styles",
        "userDefined": false
      }
    ],
    "isTemplate": false,
    "count": 0
  },
  {
    "id": "3d500a93-e79d-467d-8f73-43fe0c0d10f5",
    "data": [
      {
        "text": "usual",
        "alias": "bar-chart-styles",
        "meta": "@bar-chart-styles",
        "userDefined": false
      }
    ],
    "isTemplate": false,
    "count": 0
  },
  {
    "id": "80877db9-9364-45b2-afe0-6cdd0d437693",
    "data": [
      {
        "text": "simple",
        "alias": "bar-chart-styles",
        "meta": "@bar-chart-styles",
        "userDefined": false
      }
    ],
    "isTemplate": false,
    "count": 1
  },
  {
    "id": "c181990d-f383-415e-b671-ab09326a8d3f",
    "data": [
      {
        "text": "basic",
        "alias": "bar-chart-styles",
        "meta": "@bar-chart-styles",
        "userDefined": false
      },
      {
        "text": " ",
        "userDefined": false
      },
      {
        "text": "bar chart",
        "meta": "@sys.ignore",
        "userDefined": false
      }
    ],
    "isTemplate": false,
    "count": 0
  }
]