[
  {
    "id": "afac9d46-01b9-4ba2-af34-dc09ac6df3a4",
    "data": [
      {
        "text": "horizontal",
        "alias": "bar-chart-styles",
        "meta": "@bar-chart-styles",
        "userDefined": false
      },
      {
        "text": " ",
        "userDefined": false
      },
      {
        "text": "bar",
        "alias": "chart-types",
        "meta": "@chart-types",
        "userDefined": false
      }
    ],
    "isTemplate": false,
    "count": 0
  },
  {
    "id": "7f402548-e620-42af-a73e-8bedb345d777",
    "data": [
      {
        "text": "horizontal",
        "userDefined": false
      }
    ],
    "isTemplate": true,
    "count": 0
  }
]