[
  {
    "id": "13a7a46d-9e1a-483e-ae60-5df07e4c3402",
    "data": [
      {
        "text": "basi",
        "alias": "bar-chart-styles",
        "meta": "@bar-chart-styles",
        "userDefined": true
      }
    ],
    "isTemplate": false,
    "count": 0,
    "updated": 1518355192
  },
  {
    "id": "1bcdf355-bd3c-4863-b504-eccedd0c27db",
    "data": [
      {
        "text": "basoc",
        "alias": "bar-chart-styles",
        "meta": "@bar-chart-styles",
        "userDefined": true
      }
    ],
    "isTemplate": false,
    "count": 0,
    "updated": 1518355192
  },
  {
    "id": "309eae7f-d1ec-43d8-b4de-7a97fadff485",
    "data": [
      {
        "text": "I don\u0027t know",
        "userDefined": false
      }
    ],
    "isTemplate": false,
    "count": 0,
    "updated": 1518175614
  },
  {
    "id": "bf743000-4cf3-48d1-afc9-0e249ba50305",
    "data": [
      {
        "text": "basic",
        "alias": "bar-chart-styles",
        "meta": "@bar-chart-styles",
        "userDefined": false
      }
    ],
    "isTemplate": false,
    "count": 0
  },
  {
    "id": "8e8ba556-9b66-458b-9ff8-56fd1a4a8d62",
    "data": [
      {
        "text": "basic",
        "alias": "bar-chart-styles",
        "meta": "@bar-chart-styles",
        "userDefined": false
      },
      {
        "text": " style",
        "userDefined": false
      }
    ],
    "isTemplate": false,
    "count": 0,
    "updated": 1518175614
  },
  {
    "id": "80adad4d-94ae-44f7-80e0-bc931ad16552",
    "data": [
      {
        "text": "basic",
        "alias": "bar-chart-styles",
        "meta": "@bar-chart-styles",
        "userDefined": false
      },
      {
        "text": " style please",
        "userDefined": false
      }
    ],
    "isTemplate": false,
    "count": 0,
    "updated": 1518175614
  },
  {
    "id": "7164abd4-af09-40e0-98db-3f53876e9991",
    "data": [
      {
        "text": "ordinary",
        "alias": "bar-chart-styles",
        "meta": "@bar-chart-styles",
        "userDefined": false
      }
    ],
    "isTemplate": false,
    "count": 0
  },
  {
    "id": "4287c1f9-4649-4979-88de-85bbd3e0fdd6",
    "data": [
      {
        "text": "usual",
        "alias": "bar-chart-styles",
        "meta": "@bar-chart-styles",
        "userDefined": false
      }
    ],
    "isTemplate": false,
    "count": 0
  },
  {
    "id": "56796965-24eb-40b8-a094-2fee2fb8f07a",
    "data": [
      {
        "text": "simple",
        "alias": "bar-chart-styles",
        "meta": "@bar-chart-styles",
        "userDefined": false
      }
    ],
    "isTemplate": false,
    "count": 1
  },
  {
    "id": "0829ed3f-7207-41af-8220-c97f8a0329a7",
    "data": [
      {
        "text": "basic",
        "alias": "bar-chart-styles",
        "meta": "@bar-chart-styles",
        "userDefined": false
      },
      {
        "text": " ",
        "userDefined": false
      },
      {
        "text": "bar chart",
        "meta": "@sys.ignore",
        "userDefined": false
      }
    ],
    "isTemplate": false,
    "count": 0
  }
]