[
  {
    "id": "05f1efdd-4e97-42ee-8f28-952f5f30df69",
    "data": [
      {
        "text": "bar",
        "alias": "chart-types",
        "meta": "@chart-types",
        "userDefined": false
      }
    ],
    "isTemplate": false,
    "count": 0,
    "updated": 1518439299
  },
  {
    "id": "aa3afea9-e7db-4f7f-a504-589c0b332b48",
    "data": [
      {
        "text": "bar plot",
        "alias": "chart-types",
        "meta": "@chart-types",
        "userDefined": false
      }
    ],
    "isTemplate": false,
    "count": 0,
    "updated": 1518291290
  },
  {
    "id": "843198a3-d70d-49b9-8b11-ea8ae8e2ffc8",
    "data": [
      {
        "text": "column chart",
        "alias": "chart-types",
        "meta": "@chart-types",
        "userDefined": false
      }
    ],
    "isTemplate": false,
    "count": 0,
    "updated": 1518291290
  },
  {
    "id": "d4185cb0-4f6c-4f2c-8af2-d37b70b30293",
    "data": [
      {
        "text": "column",
        "alias": "chart-types",
        "meta": "@chart-types",
        "userDefined": false
      }
    ],
    "isTemplate": false,
    "count": 0,
    "updated": 1518291290
  },
  {
    "id": "a52ca2be-5d71-49d9-ae34-475554f009da",
    "data": [
      {
        "text": "bar chart",
        "alias": "chart-types",
        "meta": "@chart-types",
        "userDefined": false
      }
    ],
    "isTemplate": false,
    "count": 0,
    "updated": 1518291290
  },
  {
    "id": "44fe4ec1-806e-45c8-9315-666935ef447e",
    "data": [
      {
        "text": "Draw ",
        "userDefined": false
      },
      {
        "text": "column",
        "alias": "chart-types",
        "meta": "@chart-types",
        "userDefined": false
      },
      {
        "text": " plot",
        "userDefined": false
      }
    ],
    "isTemplate": false,
    "count": 0,
    "updated": 1518439299
  },
  {
    "id": "6a7532c3-e7cf-463a-b5dc-5cf7d060c5b9",
    "data": [
      {
        "text": "Make ",
        "userDefined": false
      },
      {
        "text": "bar plot",
        "alias": "chart-types",
        "meta": "@chart-types",
        "userDefined": false
      }
    ],
    "isTemplate": false,
    "count": 0,
    "updated": 1518439299
  },
  {
    "id": "309148f4-0744-4c59-84cc-3b15938cef0b",
    "data": [
      {
        "text": "draw ",
        "userDefined": false
      },
      {
        "text": "barchart",
        "alias": "chart-types",
        "meta": "@chart-types",
        "userDefined": false
      }
    ],
    "isTemplate": false,
    "count": 0,
    "updated": 1518439299
  },
  {
    "id": "406582ff-24ac-4ef5-a680-a27c34c13895",
    "data": [
      {
        "text": "Draw ",
        "userDefined": false
      },
      {
        "text": "bar chart",
        "alias": "chart-types",
        "meta": "@chart-types",
        "userDefined": false
      }
    ],
    "isTemplate": false,
    "count": 0,
    "updated": 1518439299
  },
  {
    "id": "b8f688c4-de77-4187-ab04-6f0f56264d31",
    "data": [
      {
        "text": "I need a ",
        "userDefined": false
      },
      {
        "text": "bar chart",
        "alias": "chart-types",
        "meta": "@chart-types",
        "userDefined": false
      }
    ],
    "isTemplate": false,
    "count": 0,
    "updated": 1518439299
  },
  {
    "id": "de91e36a-f487-44eb-a0cf-94cdeaeb0dd3",
    "data": [
      {
        "text": "bar chart",
        "alias": "chart-types",
        "meta": "@chart-types",
        "userDefined": false
      },
      {
        "text": " please",
        "userDefined": false
      }
    ],
    "isTemplate": false,
    "count": 1,
    "updated": 1518291290
  }
]