[
  {
    "id": "673a0974-da47-4401-8fbb-3f8bc97f7b17",
    "data": [
      {
        "text": "@sys.any:data-series-0",
        "userDefined": false
      }
    ],
    "isTemplate": true,
    "count": 0,
    "updated": 1518425765
  },
  {
    "id": "580ed000-39c6-4b01-bcd9-6f23519ab7db",
    "data": [
      {
        "text": "Series X: 5, 5, 6, 4, 5, 1",
        "alias": "data-series-0",
        "meta": "@sys.any",
        "userDefined": true
      }
    ],
    "isTemplate": false,
    "count": 0,
    "updated": 1518425765
  },
  {
    "id": "2b37e8a1-34d2-4951-8bc6-968c134ce67b",
    "data": [
      {
        "text": "myseries: 0.1; 0.5; 0.9; 1.1; 1.2; 1.6; 1.8; 2.9; 3.0",
        "alias": "data-series-0",
        "meta": "@sys.any",
        "userDefined": true
      }
    ],
    "isTemplate": false,
    "count": 0,
    "updated": 1518425765
  },
  {
    "id": "3dd91f9c-4a5a-40a5-a686-5f4738a5e874",
    "data": [
      {
        "text": "series AT40: 10, 20, 30, 50, 100, 200, 260, 300",
        "alias": "data-series-0",
        "meta": "@sys.any",
        "userDefined": true
      }
    ],
    "isTemplate": false,
    "count": 0,
    "updated": 1518425765
  },
  {
    "id": "b82a98f8-faca-4360-b13d-ea6ac19a3a15",
    "data": [
      {
        "text": "series A: 0.0 1.4 2.1 3.0 4.1 5.0",
        "alias": "data-series-0",
        "meta": "@sys.any",
        "userDefined": true
      }
    ],
    "isTemplate": false,
    "count": 0,
    "updated": 1518425765
  },
  {
    "id": "bb174977-4e67-4e56-8272-776bc26206cf",
    "data": [
      {
        "text": "series odd: 1, 3, 5, 7, 9, 11",
        "alias": "data-series-0",
        "meta": "@sys.any",
        "userDefined": true
      }
    ],
    "isTemplate": false,
    "count": 0,
    "updated": 1518425765
  }
]