[
  {
    "id": "4eb60e9f-9f84-4ad4-9e72-579bd99c697f",
    "data": [
      {
        "text": "go",
        "userDefined": false
      }
    ],
    "isTemplate": false,
    "count": 0
  },
  {
    "id": "a2a2478d-43c2-4434-9a72-5787138c11ae",
    "data": [
      {
        "text": "plot it",
        "userDefined": false
      }
    ],
    "isTemplate": false,
    "count": 0
  },
  {
    "id": "e82c93ca-ba39-49c6-af93-69e01a931f6d",
    "data": [
      {
        "text": "draw it",
        "userDefined": false
      }
    ],
    "isTemplate": false,
    "count": 0
  },
  {
    "id": "1d955c9c-a18d-475b-b0ff-612bf35b2679",
    "data": [
      {
        "text": "chart",
        "userDefined": false
      }
    ],
    "isTemplate": false,
    "count": 0
  },
  {
    "id": "b79d6ad0-2ae7-4519-b2b6-5328a05a2502",
    "data": [
      {
        "text": " let\u0027s go",
        "userDefined": false
      }
    ],
    "isTemplate": false,
    "count": 0
  },
  {
    "id": "1da91591-83a4-4ead-ad0c-e6aff6e5a330",
    "data": [
      {
        "text": "quite right",
        "userDefined": false
      }
    ],
    "isTemplate": false,
    "count": 0
  },
  {
    "id": "cff12427-9ef0-41aa-bbb6-b7379c6f6ce6",
    "data": [
      {
        "text": "right",
        "userDefined": false
      }
    ],
    "isTemplate": false,
    "count": 0
  },
  {
    "id": "f7d77c02-0053-4232-8722-bbdcf4ead81b",
    "data": [
      {
        "text": "yes",
        "userDefined": false
      }
    ],
    "isTemplate": false,
    "count": 0
  },
  {
    "id": "33ff7355-7df5-4c87-bda3-130253c9f596",
    "data": [
      {
        "text": "sufficient",
        "userDefined": false
      }
    ],
    "isTemplate": false,
    "count": 0,
    "updated": 1517865116
  },
  {
    "id": "8700f960-31f4-4ed4-9389-9bcc42f89bb0",
    "data": [
      {
        "text": "done",
        "userDefined": false
      }
    ],
    "isTemplate": false,
    "count": 0,
    "updated": 1517865116
  },
  {
    "id": "3edf33c0-c8e7-451d-8a8f-42e3e275b81f",
    "data": [
      {
        "text": "correct",
        "userDefined": false
      }
    ],
    "isTemplate": false,
    "count": 0
  },
  {
    "id": "d54c6c03-7c6d-4566-8e25-0d8b0133081d",
    "data": [
      {
        "text": "no more",
        "userDefined": false
      }
    ],
    "isTemplate": false,
    "count": 0,
    "updated": 1517865116
  },
  {
    "id": "5b3e0696-f280-40ea-92b7-236496fa85b1",
    "data": [
      {
        "text": "that\u0027s ok",
        "userDefined": false
      }
    ],
    "isTemplate": false,
    "count": 0,
    "updated": 1517865116
  },
  {
    "id": "43db1533-2c4e-4dbe-b76b-8df3ca9c8ead",
    "data": [
      {
        "text": "that is all",
        "userDefined": false
      }
    ],
    "isTemplate": false,
    "count": 0,
    "updated": 1517865116
  },
  {
    "id": "1fdbf14f-3419-4f8f-b6f1-099af88ff4b0",
    "data": [
      {
        "text": "that\u0027s all",
        "userDefined": false
      }
    ],
    "isTemplate": false,
    "count": 0,
    "updated": 1517865116
  },
  {
    "id": "35140e32-c55d-4259-8a88-4eec864d7f6c",
    "data": [
      {
        "text": "enough",
        "userDefined": false
      }
    ],
    "isTemplate": false,
    "count": 0,
    "updated": 1517865116
  },
  {
    "id": "c6e1303f-e0b7-48f8-833e-e7322134f375",
    "data": [
      {
        "text": "done",
        "userDefined": false
      }
    ],
    "isTemplate": false,
    "count": 0
  },
  {
    "id": "5e90c294-4969-4f81-aaa8-f40b1ce741a2",
    "data": [
      {
        "text": "ready",
        "userDefined": false
      }
    ],
    "isTemplate": false,
    "count": 0
  },
  {
    "id": "22a26d21-1bd7-41f8-b6ad-cb5782edfdb5",
    "data": [
      {
        "text": "draw plot",
        "userDefined": false
      }
    ],
    "isTemplate": false,
    "count": 0
  },
  {
    "id": "64254084-5dc2-4cf3-b86c-14aa30d76333",
    "data": [
      {
        "text": "make plot",
        "userDefined": false
      }
    ],
    "isTemplate": false,
    "count": 0
  },
  {
    "id": "0b2850f3-08fd-4e21-81ac-aaed9559c33f",
    "data": [
      {
        "text": "ok",
        "userDefined": false
      }
    ],
    "isTemplate": false,
    "count": 0
  },
  {
    "id": "9652f065-848b-4914-919d-931a9cb9e8b5",
    "data": [
      {
        "text": "make chart",
        "userDefined": false
      }
    ],
    "isTemplate": false,
    "count": 0
  },
  {
    "id": "7fab6889-480b-4f2c-980d-072487e1840a",
    "data": [
      {
        "text": "plot chart",
        "userDefined": false
      }
    ],
    "isTemplate": false,
    "count": 0
  },
  {
    "id": "9326cbb1-1889-4218-b8d1-c07ec1ce2cde",
    "data": [
      {
        "text": "draw chart",
        "userDefined": false
      }
    ],
    "isTemplate": false,
    "count": 0
  },
  {
    "id": "adb5b6e4-e281-468e-ab13-4fb17574bc06",
    "data": [
      {
        "text": "that\u0027s enough",
        "userDefined": false
      }
    ],
    "isTemplate": false,
    "count": 0,
    "updated": 1517865116
  }
]