[
  {
    "id": "3fe6e064-2f51-4071-a09b-e8415b0e669f",
    "data": [
      {
        "text": "Hello",
        "userDefined": false
      }
    ],
    "isTemplate": false,
    "count": 0,
    "updated": 1517317968
  },
  {
    "id": "876ab372-38eb-4c58-9a86-e9f56b02c285",
    "data": [
      {
        "text": "Hey",
        "userDefined": false
      }
    ],
    "isTemplate": false,
    "count": 0,
    "updated": 1517317968
  },
  {
    "id": "1d66f0d5-bed1-42e4-a6a4-309f34c22a1c",
    "data": [
      {
        "text": "Hi",
        "userDefined": false
      }
    ],
    "isTemplate": false,
    "count": 0,
    "updated": 1517317968
  },
  {
    "id": "3a9f063f-58a7-41f0-ac61-1c890ea3092b",
    "data": [
      {
        "text": "Hi!",
        "userDefined": false
      }
    ],
    "isTemplate": false,
    "count": 0,
    "updated": 1517317968
  }
]