[
  {
    "id": "3b61cb32-0004-4e27-b8ef-d6cc81bb7723",
    "data": [
      {
        "text": "start",
        "userDefined": false
      }
    ],
    "isTemplate": false,
    "count": 0
  },
  {
    "id": "1437f4d1-b3ad-4f87-a014-20c07608e320",
    "data": [
      {
        "text": "begin",
        "userDefined": false
      }
    ],
    "isTemplate": false,
    "count": 0
  },
  {
    "id": "c0edbc3c-c72e-4f24-876c-a7fbfc720dfe",
    "data": [
      {
        "text": "start afresh",
        "userDefined": false
      }
    ],
    "isTemplate": false,
    "count": 0
  },
  {
    "id": "d6c16ff7-d2fb-4486-8dc1-63d8be9eff27",
    "data": [
      {
        "text": "from the beginning",
        "userDefined": false
      }
    ],
    "isTemplate": false,
    "count": 0
  },
  {
    "id": "fcb92b85-36ae-418d-b0b7-4476cc684319",
    "data": [
      {
        "text": "from scratch",
        "userDefined": false
      }
    ],
    "isTemplate": false,
    "count": 0
  },
  {
    "id": "8aa9d849-eb04-41d2-b4b1-a363d4c63529",
    "data": [
      {
        "text": "reset",
        "userDefined": false
      }
    ],
    "isTemplate": false,
    "count": 0
  },
  {
    "id": "b3afc458-3e6e-4221-aaa0-51d1f409a4ea",
    "data": [
      {
        "text": "restart",
        "userDefined": false
      }
    ],
    "isTemplate": false,
    "count": 0
  },
  {
    "id": "78133f8e-fbd8-41b1-830d-1a527a699152",
    "data": [
      {
        "text": "draw chart",
        "userDefined": false
      }
    ],
    "isTemplate": false,
    "count": 0
  },
  {
    "id": "5d7f35fa-fee8-41ea-9890-82bd8aa311a8",
    "data": [
      {
        "text": "yes",
        "userDefined": false
      }
    ],
    "isTemplate": false,
    "count": 0
  },
  {
    "id": "2bcf498b-1014-4d88-ab5f-061c1a838ff3",
    "data": [
      {
        "text": "let\u0027s go",
        "userDefined": false
      }
    ],
    "isTemplate": false,
    "count": 1
  },
  {
    "id": "146b538e-8092-4809-a9cd-528f8f2c3e82",
    "data": [
      {
        "text": "make a graph",
        "userDefined": false
      }
    ],
    "isTemplate": false,
    "count": 0
  },
  {
    "id": "7326dafa-f553-4f73-9b80-e549d10aefcd",
    "data": [
      {
        "text": "construct a graph",
        "userDefined": false
      }
    ],
    "isTemplate": false,
    "count": 0
  },
  {
    "id": "b5817578-bce5-404e-80e3-d7e35d57c51c",
    "data": [
      {
        "text": "plot",
        "userDefined": false
      }
    ],
    "isTemplate": false,
    "count": 0
  },
  {
    "id": "9115a973-2b1d-40aa-8753-4438e7b49efc",
    "data": [
      {
        "text": "plot a chart",
        "userDefined": false
      }
    ],
    "isTemplate": false,
    "count": 0
  },
  {
    "id": "7031e457-6a6d-4e90-b349-5deed5a215fd",
    "data": [
      {
        "text": "let\u0027s draw a plot",
        "userDefined": false
      }
    ],
    "isTemplate": false,
    "count": 0
  },
  {
    "id": "ee617cd9-fb18-4dfc-81dd-fb06a4244dd0",
    "data": [
      {
        "text": "let\u0027s draw a chart",
        "userDefined": false
      }
    ],
    "isTemplate": false,
    "count": 0
  },
  {
    "id": "315f9984-d048-4a52-a84e-48e29507a25a",
    "data": [
      {
        "text": "draw plot",
        "userDefined": false
      }
    ],
    "isTemplate": false,
    "count": 0
  },
  {
    "id": "53f67c2d-042d-406f-ba52-a7c41be69d56",
    "data": [
      {
        "text": "make chart",
        "userDefined": false
      }
    ],
    "isTemplate": false,
    "count": 1
  },
  {
    "id": "43134625-b9f8-4d8b-bb8d-46e84282d0aa",
    "data": [
      {
        "text": "Give me a chart",
        "userDefined": false
      }
    ],
    "isTemplate": false,
    "count": 0
  },
  {
    "id": "3e8ba663-0144-4f83-92e3-0d4a82e25bb1",
    "data": [
      {
        "text": "Draw a chart",
        "userDefined": false
      }
    ],
    "isTemplate": false,
    "count": 0
  },
  {
    "id": "b01b5721-7a5c-410a-a104-57d20d2cdf80",
    "data": [
      {
        "text": "Make a chart",
        "userDefined": false
      }
    ],
    "isTemplate": false,
    "count": 0
  }
]