[
  {
    "id": "cfe0244e-ad71-4aee-a242-4b03de95f66c",
    "data": [
      {
        "text": "build one more",
        "userDefined": false
      }
    ],
    "isTemplate": false,
    "count": 0,
    "updated": 1518344072
  },
  {
    "id": "e3909b78-e667-4273-9f27-502fcf21e005",
    "data": [
      {
        "text": "one more",
        "userDefined": false
      }
    ],
    "isTemplate": false,
    "count": 0,
    "updated": 1518344072
  },
  {
    "id": "ad8b6c61-35f2-4cbb-9052-1e316e88856b",
    "data": [
      {
        "text": "start",
        "userDefined": false
      }
    ],
    "isTemplate": false,
    "count": 0,
    "updated": 1518344072
  },
  {
    "id": "7b3c1767-8a9c-44ab-8830-5e2cd1722914",
    "data": [
      {
        "text": "begin",
        "userDefined": false
      }
    ],
    "isTemplate": false,
    "count": 0,
    "updated": 1518344072
  },
  {
    "id": "c78c3c3a-07fd-4570-bda3-102622a52796",
    "data": [
      {
        "text": "start afresh",
        "userDefined": false
      }
    ],
    "isTemplate": false,
    "count": 0,
    "updated": 1518344072
  },
  {
    "id": "254701ff-ad5e-4643-9971-541c816b20c3",
    "data": [
      {
        "text": "from the beginning",
        "userDefined": false
      }
    ],
    "isTemplate": false,
    "count": 0,
    "updated": 1518344072
  },
  {
    "id": "ceea4f6c-9233-447d-84fc-af7f3f2fbb82",
    "data": [
      {
        "text": "from scratch",
        "userDefined": false
      }
    ],
    "isTemplate": false,
    "count": 0,
    "updated": 1518344072
  },
  {
    "id": "dc314f7e-911f-4596-9091-ac667788f82b",
    "data": [
      {
        "text": "reset",
        "userDefined": false
      }
    ],
    "isTemplate": false,
    "count": 0,
    "updated": 1518344072
  },
  {
    "id": "3a11fcf5-4205-4cf0-8b08-4514c763b09f",
    "data": [
      {
        "text": "restart",
        "userDefined": false
      }
    ],
    "isTemplate": false,
    "count": 0,
    "updated": 1518344072
  },
  {
    "id": "22175c42-57dc-4f48-8b66-6cb99813b9ea",
    "data": [
      {
        "text": "draw chart",
        "userDefined": false
      }
    ],
    "isTemplate": false,
    "count": 0,
    "updated": 1518344072
  },
  {
    "id": "b438abc4-ce64-4a67-89f1-f5cca7c030ed",
    "data": [
      {
        "text": "yes",
        "userDefined": false
      }
    ],
    "isTemplate": false,
    "count": 0,
    "updated": 1518344072
  },
  {
    "id": "4b3f62fa-274d-4540-891b-14a10e464b60",
    "data": [
      {
        "text": "let\u0027s go",
        "userDefined": false
      }
    ],
    "isTemplate": false,
    "count": 1,
    "updated": 1518344072
  },
  {
    "id": "5394b7a3-3e9f-40f0-856e-5cfbced52ae6",
    "data": [
      {
        "text": "make a graph",
        "userDefined": false
      }
    ],
    "isTemplate": false,
    "count": 0,
    "updated": 1518344072
  },
  {
    "id": "7a7983a9-eefc-4790-8150-3ed8e01799fd",
    "data": [
      {
        "text": "construct a graph",
        "userDefined": false
      }
    ],
    "isTemplate": false,
    "count": 0,
    "updated": 1518344072
  },
  {
    "id": "3003390a-fe43-4d93-8454-d56a001d0e6c",
    "data": [
      {
        "text": "plot",
        "userDefined": false
      }
    ],
    "isTemplate": false,
    "count": 0,
    "updated": 1518344072
  },
  {
    "id": "0a32c3f0-f5fe-4721-bb8e-5494c33acb74",
    "data": [
      {
        "text": "plot a chart",
        "userDefined": false
      }
    ],
    "isTemplate": false,
    "count": 0,
    "updated": 1518344072
  },
  {
    "id": "b5bcda09-2d00-49c3-bc74-f557008ce705",
    "data": [
      {
        "text": "let\u0027s draw a plot",
        "userDefined": false
      }
    ],
    "isTemplate": false,
    "count": 0,
    "updated": 1518344072
  },
  {
    "id": "0b35c4d4-8f6d-4a40-9f87-f08c36c9c292",
    "data": [
      {
        "text": "let\u0027s draw a chart",
        "userDefined": false
      }
    ],
    "isTemplate": false,
    "count": 0,
    "updated": 1518344072
  },
  {
    "id": "6fc82a04-a188-4407-9c7b-9003c6a94cbd",
    "data": [
      {
        "text": "draw plot",
        "userDefined": false
      }
    ],
    "isTemplate": false,
    "count": 0,
    "updated": 1518344072
  },
  {
    "id": "0058bb3f-f6bd-4b06-8c0d-07d80d79225e",
    "data": [
      {
        "text": "make chart",
        "userDefined": false
      }
    ],
    "isTemplate": false,
    "count": 1,
    "updated": 1518344072
  },
  {
    "id": "8d2fac24-dca1-46a9-9f69-75d801119914",
    "data": [
      {
        "text": "Give me a chart",
        "userDefined": false
      }
    ],
    "isTemplate": false,
    "count": 0,
    "updated": 1518344072
  },
  {
    "id": "9bf62f53-c59f-4b1d-873a-614349f14cdd",
    "data": [
      {
        "text": "Draw a chart",
        "userDefined": false
      }
    ],
    "isTemplate": false,
    "count": 0,
    "updated": 1518344072
  },
  {
    "id": "3bc4512c-fdcf-4093-b8ed-aa7e65139518",
    "data": [
      {
        "text": "build chart",
        "userDefined": false
      }
    ],
    "isTemplate": false,
    "count": 0,
    "updated": 1518344072
  },
  {
    "id": "a0108cf0-f4a9-43a4-a212-ac58ccf8a35d",
    "data": [
      {
        "text": "Make a chart",
        "userDefined": false
      }
    ],
    "isTemplate": false,
    "count": 0,
    "updated": 1518344072
  }
]