[
  {
    "id": "03a3c7f1-a2cb-424d-a7be-34d76727c36f",
    "data": [
      {
        "text": "series odd: 1, 3, 5, 7, 9, 11",
        "alias": "data-series-0",
        "meta": "@sys.any",
        "userDefined": true
      }
    ],
    "isTemplate": false,
    "count": 0,
    "updated": 1518426042
  },
  {
    "id": "4db30d03-4582-446d-9840-551297e44c13",
    "data": [
      {
        "text": "series A: 0.0 1.4 2.1 3.0 4.1 5.0",
        "alias": "data-series-0",
        "meta": "@sys.any",
        "userDefined": true
      }
    ],
    "isTemplate": false,
    "count": 0,
    "updated": 1518426042
  },
  {
    "id": "fcd5514d-b6ac-4327-90c9-9dba425a0836",
    "data": [
      {
        "text": "series AT40: 10, 20, 30, 50, 100, 200, 260, 300",
        "alias": "data-series-0",
        "meta": "@sys.any",
        "userDefined": true
      }
    ],
    "isTemplate": false,
    "count": 0,
    "updated": 1518426042
  },
  {
    "id": "8e584359-a292-40f0-9951-03c43565b7c5",
    "data": [
      {
        "text": "myseries: 0.1; 0.5; 0.9; 1.1; 1.2; 1.6; 1.8; 2.9; 3.0",
        "alias": "data-series-0",
        "meta": "@sys.any",
        "userDefined": true
      }
    ],
    "isTemplate": false,
    "count": 0,
    "updated": 1518426042
  },
  {
    "id": "b551c8f5-5153-4011-a5fe-cc5ea722101d",
    "data": [
      {
        "text": "Series X: 5, 5, 6, 4, 5, 1",
        "alias": "data-series-0",
        "meta": "@sys.any",
        "userDefined": true
      }
    ],
    "isTemplate": false,
    "count": 0,
    "updated": 1518426042
  },
  {
    "id": "5b6d0b19-47e4-4e18-b150-34653af25610",
    "data": [
      {
        "text": "@sys.any:data-series-0",
        "userDefined": false
      }
    ],
    "isTemplate": true,
    "count": 0,
    "updated": 1518426042
  }
]