[
  {
    "id": "e348fbd7-04a3-4ffe-be9a-f0a507c6e48d",
    "data": [
      {
        "text": "linear plot",
        "userDefined": false
      }
    ],
    "isTemplate": false,
    "count": 0,
    "updated": 1518424913
  },
  {
    "id": "01ff733d-ab78-428b-882d-d892ca7d6137",
    "data": [
      {
        "text": "linear",
        "userDefined": false
      }
    ],
    "isTemplate": false,
    "count": 0,
    "updated": 1518424913
  },
  {
    "id": "2a7698b2-1567-4817-b1cd-e2ea05d6aa95",
    "data": [
      {
        "text": "curve chart",
        "alias": "chart-types",
        "meta": "@chart-types",
        "userDefined": false
      }
    ],
    "isTemplate": false,
    "count": 0,
    "updated": 1518424913
  },
  {
    "id": "ef280b8d-bc13-4c00-9694-f56de761f725",
    "data": [
      {
        "text": "curve plot",
        "alias": "chart-types",
        "meta": "@chart-types",
        "userDefined": false
      }
    ],
    "isTemplate": false,
    "count": 0,
    "updated": 1518424913
  },
  {
    "id": "3b0a49b0-cfa1-46d4-aa4c-f8b35a2908fd",
    "data": [
      {
        "text": "line graph",
        "alias": "chart-types",
        "meta": "@chart-types",
        "userDefined": false
      }
    ],
    "isTemplate": false,
    "count": 0,
    "updated": 1518424913
  },
  {
    "id": "48c6d72d-d2a3-40b2-a2ac-db0fb1a60315",
    "data": [
      {
        "text": "line diagram",
        "alias": "chart-types",
        "meta": "@chart-types",
        "userDefined": false
      }
    ],
    "isTemplate": false,
    "count": 0,
    "updated": 1518424913
  },
  {
    "id": "0792bacd-9c8e-4473-9611-7706aed0ce7e",
    "data": [
      {
        "text": "linear schedule",
        "alias": "chart-types",
        "meta": "@chart-types",
        "userDefined": false
      }
    ],
    "isTemplate": false,
    "count": 0,
    "updated": 1518424913
  },
  {
    "id": "0e7264a2-fbeb-4821-8789-0927c13a184f",
    "data": [
      {
        "text": "line drawing",
        "alias": "chart-types",
        "meta": "@chart-types",
        "userDefined": false
      }
    ],
    "isTemplate": false,
    "count": 0,
    "updated": 1518424913
  },
  {
    "id": "9dac0542-3ab7-42af-8f49-80adfd4ffa91",
    "data": [
      {
        "text": "line graphics",
        "alias": "chart-types",
        "meta": "@chart-types",
        "userDefined": false
      }
    ],
    "isTemplate": false,
    "count": 0,
    "updated": 1518424913
  },
  {
    "id": "0f8294cd-d3a0-4010-b6d2-890b3526f1db",
    "data": [
      {
        "text": "line",
        "alias": "chart-types",
        "meta": "@chart-types",
        "userDefined": false
      }
    ],
    "isTemplate": false,
    "count": 0,
    "updated": 1518424913
  },
  {
    "id": "1674814a-6c45-45ed-9fee-cb814b5c99a3",
    "data": [
      {
        "text": "linear chart",
        "alias": "chart-types",
        "meta": "@chart-types",
        "userDefined": false
      }
    ],
    "isTemplate": false,
    "count": 1,
    "updated": 1518424913
  },
  {
    "id": "e42ec57a-b250-4821-8bf9-9a618836acb1",
    "data": [
      {
        "text": "line plot",
        "alias": "chart-types",
        "meta": "@chart-types",
        "userDefined": false
      }
    ],
    "isTemplate": false,
    "count": 0,
    "updated": 1518424913
  },
  {
    "id": "50339c72-865f-4b49-a3ba-a809176e73a8",
    "data": [
      {
        "text": "line chart",
        "alias": "chart-types",
        "meta": "@chart-types",
        "userDefined": false
      }
    ],
    "isTemplate": false,
    "count": 0,
    "updated": 1518424913
  }
]