[
  {
    "id": "1201e9f2-f559-45d4-b101-ac57cda1d3d3",
    "data": [
      {
        "text": "that\u0027s enough",
        "userDefined": false
      }
    ],
    "isTemplate": false,
    "count": 0,
    "updated": 1518427073
  },
  {
    "id": "2f476fa5-4925-4c9d-b9fa-190ab82c106c",
    "data": [
      {
        "text": "draw chart",
        "userDefined": false
      }
    ],
    "isTemplate": false,
    "count": 0,
    "updated": 1518427073
  },
  {
    "id": "4d9291f6-394c-487f-b66c-833ebc6821e6",
    "data": [
      {
        "text": "plot chart",
        "userDefined": false
      }
    ],
    "isTemplate": false,
    "count": 0,
    "updated": 1518427073
  },
  {
    "id": "e749596e-4477-4f42-aaa6-c643d521a673",
    "data": [
      {
        "text": "make chart",
        "userDefined": false
      }
    ],
    "isTemplate": false,
    "count": 0,
    "updated": 1518427073
  },
  {
    "id": "0d24efa9-d18a-4af1-81d6-25390000e7f3",
    "data": [
      {
        "text": "ok",
        "userDefined": false
      }
    ],
    "isTemplate": false,
    "count": 0,
    "updated": 1518427073
  },
  {
    "id": "bc3f5c6d-59d1-4f25-b229-ac2e9a0a93b5",
    "data": [
      {
        "text": "draw",
        "userDefined": false
      }
    ],
    "isTemplate": false,
    "count": 0,
    "updated": 1518427073
  },
  {
    "id": "a28ef545-050e-4346-80c6-695d8cb5fe1f",
    "data": [
      {
        "text": "make",
        "userDefined": false
      }
    ],
    "isTemplate": false,
    "count": 0,
    "updated": 1518427073
  },
  {
    "id": "6256e7d5-5640-4e4c-bd66-01296440d8e6",
    "data": [
      {
        "text": "plot",
        "userDefined": false
      }
    ],
    "isTemplate": false,
    "count": 0,
    "updated": 1518427073
  },
  {
    "id": "6ae36b00-5302-438c-b01b-959c556abf47",
    "data": [
      {
        "text": "make plot",
        "userDefined": false
      }
    ],
    "isTemplate": false,
    "count": 0,
    "updated": 1518427073
  },
  {
    "id": "1b8f33d9-71e0-48f8-b3e6-23802e58e107",
    "data": [
      {
        "text": "draw plot",
        "userDefined": false
      }
    ],
    "isTemplate": false,
    "count": 0,
    "updated": 1518427073
  },
  {
    "id": "05f0125c-8ff5-436a-a990-5e538aa94a4f",
    "data": [
      {
        "text": "ready",
        "userDefined": false
      }
    ],
    "isTemplate": false,
    "count": 0,
    "updated": 1518427073
  },
  {
    "id": "a9ac8afb-caa9-4d41-a49b-3df79f75a1e6",
    "data": [
      {
        "text": "done",
        "userDefined": false
      }
    ],
    "isTemplate": false,
    "count": 0,
    "updated": 1518427073
  },
  {
    "id": "ea45c6cc-a641-4222-8e50-0855b941f4b3",
    "data": [
      {
        "text": "enough",
        "userDefined": false
      }
    ],
    "isTemplate": false,
    "count": 0,
    "updated": 1518427073
  },
  {
    "id": "c4380e04-6cf8-468e-a982-3f5820bf0e1e",
    "data": [
      {
        "text": "that\u0027s all",
        "userDefined": false
      }
    ],
    "isTemplate": false,
    "count": 0,
    "updated": 1518427073
  },
  {
    "id": "b92818ef-e1c9-4a1b-a461-7fed54ffb0bb",
    "data": [
      {
        "text": "that is all",
        "userDefined": false
      }
    ],
    "isTemplate": false,
    "count": 0,
    "updated": 1518427073
  },
  {
    "id": "4624e80d-baf0-4e9d-bc79-5192ffe36228",
    "data": [
      {
        "text": "that\u0027s ok",
        "userDefined": false
      }
    ],
    "isTemplate": false,
    "count": 0,
    "updated": 1518427073
  },
  {
    "id": "8bee0e28-6f08-4d65-b3be-da61fb0154ce",
    "data": [
      {
        "text": "no more",
        "userDefined": false
      }
    ],
    "isTemplate": false,
    "count": 0,
    "updated": 1518427073
  },
  {
    "id": "29552afe-30e9-4036-a751-61c37f7c876a",
    "data": [
      {
        "text": "correct",
        "userDefined": false
      }
    ],
    "isTemplate": false,
    "count": 1,
    "updated": 1518427073
  },
  {
    "id": "e44177d2-ce59-4e60-9ea3-940ddad42197",
    "data": [
      {
        "text": "sufficient",
        "userDefined": false
      }
    ],
    "isTemplate": false,
    "count": 0,
    "updated": 1518427073
  },
  {
    "id": "cbfd9379-612e-4570-a2bc-71fa7082b518",
    "data": [
      {
        "text": "yes",
        "userDefined": false
      }
    ],
    "isTemplate": false,
    "count": 0,
    "updated": 1518427073
  },
  {
    "id": "313687c8-c950-4b1b-af09-be9dfcb163e7",
    "data": [
      {
        "text": "right",
        "userDefined": false
      }
    ],
    "isTemplate": false,
    "count": 0,
    "updated": 1518427073
  },
  {
    "id": "6ee91795-ae97-4d05-adf4-ff38d2f62692",
    "data": [
      {
        "text": "quite right",
        "userDefined": false
      }
    ],
    "isTemplate": false,
    "count": 0,
    "updated": 1518427073
  },
  {
    "id": "e816fb51-900a-462c-929d-e54c04e9195a",
    "data": [
      {
        "text": " let\u0027s go",
        "userDefined": false
      }
    ],
    "isTemplate": false,
    "count": 0,
    "updated": 1518427073
  },
  {
    "id": "a6e2df25-583c-4f13-af95-29cc145b0c6c",
    "data": [
      {
        "text": "chart",
        "userDefined": false
      }
    ],
    "isTemplate": false,
    "count": 0,
    "updated": 1518427073
  },
  {
    "id": "45ee73b1-7727-4a05-be13-9ef0dbd493e1",
    "data": [
      {
        "text": "draw it",
        "userDefined": false
      }
    ],
    "isTemplate": false,
    "count": 0,
    "updated": 1518427073
  },
  {
    "id": "b5dd7fcd-133e-4adf-b7b6-b1e419f026ec",
    "data": [
      {
        "text": "plot it",
        "userDefined": false
      }
    ],
    "isTemplate": false,
    "count": 0,
    "updated": 1518427073
  },
  {
    "id": "462de418-2470-4e3e-82a4-749548c6cd5f",
    "data": [
      {
        "text": "go",
        "userDefined": false
      }
    ],
    "isTemplate": false,
    "count": 0,
    "updated": 1518427073
  }
]