[
  {
    "id": "ebf06fa9-a730-4f98-95d9-aa6217fa9eb8",
    "data": [
      {
        "text": "stacked",
        "alias": "line-chart-styles",
        "meta": "@bar-chart-styles",
        "userDefined": false
      }
    ],
    "isTemplate": false,
    "count": 0,
    "updated": 1518425565
  },
  {
    "id": "3256804f-a704-43ac-b301-08c657990d0c",
    "data": [
      {
        "text": "stacked",
        "alias": "line-chart-styles",
        "meta": "@bar-chart-styles",
        "userDefined": false
      },
      {
        "text": " ",
        "userDefined": false
      },
      {
        "text": "line",
        "meta": "@sys.ignore",
        "userDefined": false
      }
    ],
    "isTemplate": false,
    "count": 0,
    "updated": 1518425565
  }
]