[
  {
    "id": "e64754a8-1cad-4e75-9871-635541ca2815",
    "data": [
      {
        "text": "horizontal",
        "alias": "line-chart-styles",
        "meta": "@bar-chart-styles",
        "userDefined": false
      },
      {
        "text": " ",
        "userDefined": false
      },
      {
        "text": "line chart",
        "alias": "chart-types",
        "meta": "@chart-types",
        "userDefined": false
      }
    ],
    "isTemplate": false,
    "count": 0,
    "updated": 1518425318
  },
  {
    "id": "ad40d71d-7a43-44d3-bb30-f8d9a1e15ee6",
    "data": [
      {
        "text": "horiz",
        "alias": "line-chart-styles",
        "meta": "@bar-chart-styles",
        "userDefined": false
      }
    ],
    "isTemplate": false,
    "count": 0,
    "updated": 1518425318
  },
  {
    "id": "9aa92ed0-fea7-48cf-9cdb-fe243ccad71f",
    "data": [
      {
        "text": "horisontal",
        "alias": "line-chart-styles",
        "meta": "@bar-chart-styles",
        "userDefined": false
      }
    ],
    "isTemplate": false,
    "count": 0,
    "updated": 1518425318
  },
  {
    "id": "08aec0d6-910a-463e-a84c-4bb2ee97b81b",
    "data": [
      {
        "text": "horizontal",
        "alias": "line-chart-styles",
        "meta": "@bar-chart-styles",
        "userDefined": false
      }
    ],
    "isTemplate": false,
    "count": 0,
    "updated": 1518425318
  }
]