[
  {
    "id": "985683b4-cca1-444d-aadc-50cec7c42581",
    "data": [
      {
        "text": "no",
        "userDefined": false
      }
    ],
    "isTemplate": false,
    "count": 0,
    "updated": 1518172217
  },
  {
    "id": "b155011d-86f4-405b-b56e-78776bdafa7a",
    "data": [
      {
        "text": "not ",
        "userDefined": false
      },
      {
        "text": "today",
        "alias": "date",
        "meta": "@sys.date",
        "userDefined": false
      }
    ],
    "isTemplate": false,
    "count": 0,
    "updated": 1518172217
  },
  {
    "id": "21fb9ae8-dbac-4e1e-b301-1d62761f88f0",
    "data": [
      {
        "text": "nope",
        "userDefined": false
      }
    ],
    "isTemplate": false,
    "count": 0,
    "updated": 1518172217
  },
  {
    "id": "a15731ce-ae8b-4604-a772-8c6c1400d3a0",
    "data": [
      {
        "text": "no thank you",
        "userDefined": false
      }
    ],
    "isTemplate": false,
    "count": 0,
    "updated": 1518172217
  }
]