[
  {
    "id": "f2424a5d-1559-4fd9-8ed4-05b200929c4e",
    "data": [
      {
        "text": "not ",
        "userDefined": false
      },
      {
        "text": "today",
        "alias": "date",
        "meta": "@sys.date",
        "userDefined": false
      }
    ],
    "isTemplate": false,
    "count": 0,
    "updated": 1517827235
  },
  {
    "id": "616f22f2-4046-4266-bc76-dd53c1346073",
    "data": [
      {
        "text": "nope",
        "userDefined": false
      }
    ],
    "isTemplate": false,
    "count": 0,
    "updated": 1517827235
  },
  {
    "id": "bf656705-8bf6-48b2-9ff1-cc0abb300f30",
    "data": [
      {
        "text": "no thank you",
        "userDefined": false
      }
    ],
    "isTemplate": false,
    "count": 0,
    "updated": 1517827235
  },
  {
    "id": "9d366568-99ea-4130-a49a-bc6eecc2983e",
    "data": [
      {
        "text": "no",
        "userDefined": false
      }
    ],
    "isTemplate": true,
    "count": 0,
    "updated": 1517827235
  }
]