[
  {
    "id": "37a39f19-3d1c-413e-9b7d-98caab06c4f8",
    "data": [
      {
        "text": "circle chart",
        "alias": "chart-types",
        "meta": "@chart-types",
        "userDefined": false
      }
    ],
    "isTemplate": false,
    "count": 0,
    "updated": 1518433285
  },
  {
    "id": "d008a1be-d7d2-4735-a7fc-6afd02677a77",
    "data": [
      {
        "text": "round chart",
        "alias": "chart-types",
        "meta": "@chart-types",
        "userDefined": false
      }
    ],
    "isTemplate": false,
    "count": 0,
    "updated": 1518433285
  },
  {
    "id": "cb2270ee-f53f-4e5f-bc38-3f31d7f1583c",
    "data": [
      {
        "text": "pie diagram",
        "alias": "chart-types",
        "meta": "@chart-types",
        "userDefined": false
      }
    ],
    "isTemplate": false,
    "count": 0,
    "updated": 1518433285
  },
  {
    "id": "a5086623-3a86-4c6a-b37e-98fd5c859801",
    "data": [
      {
        "text": "disc chart",
        "alias": "chart-types",
        "meta": "@chart-types",
        "userDefined": false
      }
    ],
    "isTemplate": false,
    "count": 0,
    "updated": 1518433285
  },
  {
    "id": "9131c854-0627-44db-a61c-9cbca6e88746",
    "data": [
      {
        "text": "circle graph",
        "alias": "chart-types",
        "meta": "@chart-types",
        "userDefined": false
      }
    ],
    "isTemplate": false,
    "count": 0,
    "updated": 1518433285
  },
  {
    "id": "751c5505-ff2a-4173-afab-5ef99d8335ef",
    "data": [
      {
        "text": "circular chart",
        "alias": "chart-types",
        "meta": "@chart-types",
        "userDefined": false
      }
    ],
    "isTemplate": false,
    "count": 0,
    "updated": 1518433285
  },
  {
    "id": "0f25a09c-6398-49a8-85b7-1db152619ca5",
    "data": [
      {
        "text": "sector diagram",
        "alias": "chart-types",
        "meta": "@chart-types",
        "userDefined": false
      }
    ],
    "isTemplate": false,
    "count": 10,
    "updated": 1518433285
  },
  {
    "id": "c15cf676-41c8-44cd-8d15-de26ea796eee",
    "data": [
      {
        "text": "circular diagram",
        "alias": "chart-types",
        "meta": "@chart-types",
        "userDefined": false
      }
    ],
    "isTemplate": false,
    "count": 0,
    "updated": 1518433285
  },
  {
    "id": "45a79f7b-2d80-471e-9998-dbfca93c4a08",
    "data": [
      {
        "text": "bubble map",
        "alias": "chart-types",
        "meta": "@chart-types",
        "userDefined": false
      }
    ],
    "isTemplate": false,
    "count": 0,
    "updated": 1518433285
  },
  {
    "id": "55773f2f-3bc7-4f1e-84f1-ec4f28dad8b1",
    "data": [
      {
        "text": "eye chart",
        "alias": "chart-types",
        "meta": "@chart-types",
        "userDefined": false
      }
    ],
    "isTemplate": false,
    "count": 0,
    "updated": 1518433285
  },
  {
    "id": "10db8529-a6c2-4a3f-9bd6-d49c20e71aa8",
    "data": [
      {
        "text": "pie graph",
        "alias": "chart-types",
        "meta": "@chart-types",
        "userDefined": false
      }
    ],
    "isTemplate": false,
    "count": 0,
    "updated": 1518433285
  },
  {
    "id": "fae36206-de03-407e-9524-54efb9c06da0",
    "data": [
      {
        "text": "piechart",
        "alias": "chart-types",
        "meta": "@chart-types",
        "userDefined": false
      }
    ],
    "isTemplate": false,
    "count": 0,
    "updated": 1518433285
  },
  {
    "id": "1093c8a0-5231-467b-a710-b395a1ba6936",
    "data": [
      {
        "text": "pie chart",
        "alias": "chart-types",
        "meta": "@chart-types",
        "userDefined": false
      }
    ],
    "isTemplate": false,
    "count": 0,
    "updated": 1518433285
  },
  {
    "id": "55f2a9f8-b626-438d-9b9a-f80e7710f178",
    "data": [
      {
        "text": "pie",
        "alias": "chart-types",
        "meta": "@chart-types",
        "userDefined": false
      }
    ],
    "isTemplate": false,
    "count": 0,
    "updated": 1518433285
  }
]