[
  {
    "id": "08fdf646-ccb2-4b8e-9c61-0baa2c21c5be",
    "data": [
      {
        "text": "ring pie",
        "alias": "pie-chart-styles",
        "meta": "@pie-chart-styles",
        "userDefined": false
      }
    ],
    "isTemplate": false,
    "count": 0,
    "updated": 1518434197
  },
  {
    "id": "f1dcc987-6937-436e-8287-883a007b63bd",
    "data": [
      {
        "text": "with a hole",
        "alias": "pie-chart-styles",
        "meta": "@pie-chart-styles",
        "userDefined": false
      }
    ],
    "isTemplate": false,
    "count": 0,
    "updated": 1518434197
  },
  {
    "id": "e08f1836-55a4-45de-9a0e-b401c76c0538",
    "data": [
      {
        "text": "donut pie",
        "alias": "pie-chart-styles",
        "meta": "@pie-chart-styles",
        "userDefined": false
      }
    ],
    "isTemplate": false,
    "count": 0,
    "updated": 1518434197
  },
  {
    "id": "35d0374f-6c73-4911-8104-de2f182e6cfe",
    "data": [
      {
        "text": "donut",
        "alias": "pie-chart-styles",
        "meta": "@pie-chart-styles",
        "userDefined": false
      }
    ],
    "isTemplate": false,
    "count": 0,
    "updated": 1518434197
  }
]