[
  {
    "value": "bar chart",
    "synonyms": [
      "bar chart",
      "barchart",
      "bar",
      "bar plot",
      "barr chart",
      "column graph",
      "column chart",
      "bar diagram",
      "bar graph",
      "column diagram",
      "column"
    ]
  },
  {
    "value": "line chart",
    "synonyms": [
      "line",
      "line chart",
      "linechart",
      "line plot",
      "line schedule",
      "linear chart",
      "curve chart",
      "run chart",
      "curve plot",
      "line graph",
      "line diagram",
      "linear schedule",
      "line graphics",
      "line drawing"
    ]
  },
  {
    "value": "point chart",
    "synonyms": [
      "xy",
      "scatter",
      "scatter plot",
      "point chart",
      "point plot"
    ]
  },
  {
    "value": "pie chart",
    "synonyms": [
      "pie",
      "pie chart",
      "piechart"
    ]
  }
]