[
  {
    "id": "91076935-3006-449c-aecb-083f522d1c5d",
    "data": [
      {
        "text": "series A: 0.0 1.4 2.1 3.0 4.1 5.0",
        "alias": "data-series-0",
        "meta": "@sys.any",
        "userDefined": true
      }
    ],
    "isTemplate": false,
    "count": 0,
    "updated": 1518425765
  },
  {
    "id": "c87e6064-cea5-4e3c-9144-22f1551f39da",
    "data": [
      {
        "text": "Series X: 5, 5, 6, 4, 5, 1",
        "alias": "data-series-0",
        "meta": "@sys.any",
        "userDefined": true
      }
    ],
    "isTemplate": false,
    "count": 0,
    "updated": 1518425765
  },
  {
    "id": "0f173137-2629-45ee-a12b-9fcf2b9ff281",
    "data": [
      {
        "text": "myseries: 0.1; 0.5; 0.9; 1.1; 1.2; 1.6; 1.8; 2.9; 3.0",
        "alias": "data-series-0",
        "meta": "@sys.any",
        "userDefined": true
      }
    ],
    "isTemplate": false,
    "count": 0,
    "updated": 1518425765
  },
  {
    "id": "e54ac6e9-3a4e-423a-8687-001183750fb6",
    "data": [
      {
        "text": "@sys.any:data-series-0",
        "userDefined": false
      }
    ],
    "isTemplate": true,
    "count": 0,
    "updated": 1518425765
  },
  {
    "id": "1e7ea01d-8d88-4081-9eaa-96f312056738",
    "data": [
      {
        "text": "series AT40: 10, 20, 30, 50, 100, 200, 260, 300",
        "alias": "data-series-0",
        "meta": "@sys.any",
        "userDefined": true
      }
    ],
    "isTemplate": false,
    "count": 0,
    "updated": 1518425765
  },
  {
    "id": "858f0540-7dc2-4a8e-9e8f-c1b671eb6bba",
    "data": [
      {
        "text": "series odd: 1, 3, 5, 7, 9, 11",
        "alias": "data-series-0",
        "meta": "@sys.any",
        "userDefined": true
      }
    ],
    "isTemplate": false,
    "count": 0,
    "updated": 1518425765
  }
]