[
  {
    "id": "a1393051-4914-459e-879d-1e0c293c810c",
    "data": [
      {
        "text": "horisontal",
        "alias": "bar-chart-styles",
        "meta": "@bar-chart-styles",
        "userDefined": false
      }
    ],
    "isTemplate": false,
    "count": 0,
    "updated": 1518353870
  },
  {
    "id": "b1d122c5-7ea1-43aa-81d8-e83acbda50e8",
    "data": [
      {
        "text": "horizontal",
        "alias": "bar-chart-styles",
        "meta": "@bar-chart-styles",
        "userDefined": false
      },
      {
        "text": " ",
        "userDefined": false
      },
      {
        "text": "bar",
        "meta": "@sys.ignore",
        "userDefined": false
      }
    ],
    "isTemplate": false,
    "count": 1,
    "updated": 1518353870
  },
  {
    "id": "f7a8d924-4e19-4788-9e04-4bb8d50f75c5",
    "data": [
      {
        "text": "horizontal",
        "alias": "bar-chart-styles",
        "meta": "@bar-chart-styles",
        "userDefined": false
      }
    ],
    "isTemplate": false,
    "count": 0,
    "updated": 1518356850
  },
  {
    "id": "4379266c-4f01-4a46-b422-9a4f0a1b0903",
    "data": [
      {
        "text": "horiz",
        "alias": "bar-chart-styles",
        "meta": "@bar-chart-styles",
        "userDefined": true
      }
    ],
    "isTemplate": false,
    "count": 0,
    "updated": 1518355302
  }
]