[
  {
    "id": "3f709e58-68b4-4022-aff2-7be54cd2e992",
    "data": [
      {
        "text": "sufficient",
        "userDefined": false
      }
    ],
    "isTemplate": false,
    "count": 0,
    "updated": 1518427073
  },
  {
    "id": "61ee78d3-0041-4acc-9669-7600215cf0ce",
    "data": [
      {
        "text": "chart",
        "userDefined": false
      }
    ],
    "isTemplate": false,
    "count": 0,
    "updated": 1518427073
  },
  {
    "id": "5671b850-7587-447e-929c-b98f88fad608",
    "data": [
      {
        "text": "that is all",
        "userDefined": false
      }
    ],
    "isTemplate": false,
    "count": 0,
    "updated": 1518426433
  },
  {
    "id": "df55e9fd-c419-4632-8f1e-46780faf9f26",
    "data": [
      {
        "text": "enough",
        "userDefined": false
      }
    ],
    "isTemplate": false,
    "count": 0,
    "updated": 1518426433
  },
  {
    "id": "6613e984-3959-4dd8-bec4-87d82cec27a3",
    "data": [
      {
        "text": "make plot",
        "userDefined": false
      }
    ],
    "isTemplate": false,
    "count": 0,
    "updated": 1518426433
  },
  {
    "id": "a9e83911-f108-40c0-b196-86920cbe251f",
    "data": [
      {
        "text": "plot",
        "userDefined": false
      }
    ],
    "isTemplate": false,
    "count": 0,
    "updated": 1518426433
  },
  {
    "id": "e8fa2d59-84ea-4efc-8912-7adca496057e",
    "data": [
      {
        "text": "plot it",
        "userDefined": false
      }
    ],
    "isTemplate": false,
    "count": 0,
    "updated": 1518427073
  },
  {
    "id": "0bbaaa92-32c4-4353-b8c0-3ffd8d8d821a",
    "data": [
      {
        "text": "make chart",
        "userDefined": false
      }
    ],
    "isTemplate": false,
    "count": 0,
    "updated": 1518426433
  },
  {
    "id": "52bb71d2-d1a7-4f17-a48e-151660a1e92e",
    "data": [
      {
        "text": "draw",
        "userDefined": false
      }
    ],
    "isTemplate": false,
    "count": 0,
    "updated": 1518426433
  },
  {
    "id": "051c2282-ca91-4930-9104-093982d72085",
    "data": [
      {
        "text": " let\u0027s go",
        "userDefined": false
      }
    ],
    "isTemplate": false,
    "count": 0,
    "updated": 1518427073
  },
  {
    "id": "bc9cedf5-d7fe-4bfd-84bb-0a09f192db12",
    "data": [
      {
        "text": "done",
        "userDefined": false
      }
    ],
    "isTemplate": false,
    "count": 0,
    "updated": 1518426433
  },
  {
    "id": "b963d1b2-e448-44ac-bb97-929df19b6580",
    "data": [
      {
        "text": "draw it",
        "userDefined": false
      }
    ],
    "isTemplate": false,
    "count": 0,
    "updated": 1518427073
  },
  {
    "id": "74827fc0-2206-43f0-b4aa-c36905aefa58",
    "data": [
      {
        "text": "quite right",
        "userDefined": false
      }
    ],
    "isTemplate": false,
    "count": 0,
    "updated": 1518427073
  },
  {
    "id": "3bac8799-b9c4-4633-bdf8-edd38bff698a",
    "data": [
      {
        "text": "correct",
        "userDefined": false
      }
    ],
    "isTemplate": false,
    "count": 0,
    "updated": 1518426433
  },
  {
    "id": "9e075c23-b52b-4d2d-87a9-146de7bfc2f5",
    "data": [
      {
        "text": "that\u0027s enough",
        "userDefined": false
      }
    ],
    "isTemplate": false,
    "count": 0,
    "updated": 1518426433
  },
  {
    "id": "ea41e0d0-4201-47f0-891f-63308da49597",
    "data": [
      {
        "text": "ok",
        "userDefined": false
      }
    ],
    "isTemplate": false,
    "count": 0,
    "updated": 1518426433
  },
  {
    "id": "c99d6fdd-0c62-4b17-bc26-eafbf6c16138",
    "data": [
      {
        "text": "plot chart",
        "userDefined": false
      }
    ],
    "isTemplate": false,
    "count": 0,
    "updated": 1518426433
  },
  {
    "id": "6e419cb8-400a-451e-a17e-9046f006ddeb",
    "data": [
      {
        "text": "yes",
        "userDefined": false
      }
    ],
    "isTemplate": false,
    "count": 0,
    "updated": 1518427073
  },
  {
    "id": "3aa3f8c0-9ac3-4168-9840-7938db62a166",
    "data": [
      {
        "text": "that\u0027s all",
        "userDefined": false
      }
    ],
    "isTemplate": false,
    "count": 0,
    "updated": 1518426433
  },
  {
    "id": "e58df48c-4992-41b9-a50a-09c658dc1c3d",
    "data": [
      {
        "text": "go",
        "userDefined": false
      }
    ],
    "isTemplate": false,
    "count": 0,
    "updated": 1518427073
  },
  {
    "id": "ccc93678-0e45-4e2c-9b45-403683bf8204",
    "data": [
      {
        "text": "right",
        "userDefined": false
      }
    ],
    "isTemplate": false,
    "count": 0,
    "updated": 1518427073
  },
  {
    "id": "a2d98632-32f3-4915-9bf8-1d468314e5dd",
    "data": [
      {
        "text": "no more",
        "userDefined": false
      }
    ],
    "isTemplate": false,
    "count": 0,
    "updated": 1518426433
  },
  {
    "id": "841e76ce-1010-46e1-97b3-d00e1fc5a644",
    "data": [
      {
        "text": "that\u0027s ok",
        "userDefined": false
      }
    ],
    "isTemplate": false,
    "count": 0,
    "updated": 1518426433
  },
  {
    "id": "60df1f2c-0279-4642-b5f5-9a9f1564ca70",
    "data": [
      {
        "text": "done",
        "userDefined": false
      }
    ],
    "isTemplate": false,
    "count": 0,
    "updated": 1518427073
  },
  {
    "id": "a301e1b2-67f9-457c-b189-f359464a5f81",
    "data": [
      {
        "text": "ready",
        "userDefined": false
      }
    ],
    "isTemplate": false,
    "count": 0,
    "updated": 1518426433
  },
  {
    "id": "25f44f04-ca73-4706-86b2-87fe409b9291",
    "data": [
      {
        "text": "make",
        "userDefined": false
      }
    ],
    "isTemplate": false,
    "count": 0,
    "updated": 1518426433
  },
  {
    "id": "a3e50942-d40e-4cff-8c55-86b69b9fa177",
    "data": [
      {
        "text": "draw plot",
        "userDefined": false
      }
    ],
    "isTemplate": false,
    "count": 0,
    "updated": 1518426433
  },
  {
    "id": "91eb588d-4df0-47e8-8d71-1b473dda832b",
    "data": [
      {
        "text": "draw chart",
        "userDefined": false
      }
    ],
    "isTemplate": false,
    "count": 0,
    "updated": 1518426433
  }
]