[
  {
    "id": "3ffc108a-6132-485b-962f-6f609d4b17c0",
    "data": [
      {
        "text": "column",
        "alias": "chart-types",
        "meta": "@chart-types",
        "userDefined": false
      }
    ],
    "isTemplate": false,
    "count": 0,
    "updated": 1518291290
  },
  {
    "id": "b749b450-f4a5-4025-be2e-57fb919954fa",
    "data": [
      {
        "text": "bar chart",
        "alias": "chart-types",
        "meta": "@chart-types",
        "userDefined": false
      }
    ],
    "isTemplate": false,
    "count": 0,
    "updated": 1518291290
  },
  {
    "id": "f26781ac-4dc4-44c4-b5f1-c8836e0a38fa",
    "data": [
      {
        "text": "bar plot",
        "alias": "chart-types",
        "meta": "@chart-types",
        "userDefined": false
      }
    ],
    "isTemplate": false,
    "count": 0,
    "updated": 1518291290
  },
  {
    "id": "f4d5a940-9acc-4858-89ff-f984d43e88bb",
    "data": [
      {
        "text": "column chart",
        "alias": "chart-types",
        "meta": "@chart-types",
        "userDefined": false
      }
    ],
    "isTemplate": false,
    "count": 0,
    "updated": 1518291290
  },
  {
    "id": "7dc6ab94-2d05-45dd-ab41-d0bfdebdf660",
    "data": [
      {
        "text": "bar chart",
        "alias": "chart-types",
        "meta": "@chart-types",
        "userDefined": false
      },
      {
        "text": " please",
        "userDefined": false
      }
    ],
    "isTemplate": false,
    "count": 1,
    "updated": 1518291290
  },
  {
    "id": "1a62da60-a3be-45be-9eb0-9cd082bd9ed8",
    "data": [
      {
        "text": "Draw ",
        "userDefined": false
      },
      {
        "text": "bar chart",
        "alias": "chart-types",
        "meta": "@chart-types",
        "userDefined": false
      }
    ],
    "isTemplate": false,
    "count": 0,
    "updated": 1518439299
  },
  {
    "id": "2c396751-17bf-477c-b133-3534ff01155b",
    "data": [
      {
        "text": "I need a ",
        "userDefined": false
      },
      {
        "text": "bar chart",
        "alias": "chart-types",
        "meta": "@chart-types",
        "userDefined": false
      }
    ],
    "isTemplate": false,
    "count": 0,
    "updated": 1518439299
  },
  {
    "id": "63080c00-3a19-464b-b111-bd7e1b96e0eb",
    "data": [
      {
        "text": "draw ",
        "userDefined": false
      },
      {
        "text": "barchart",
        "alias": "chart-types",
        "meta": "@chart-types",
        "userDefined": false
      }
    ],
    "isTemplate": false,
    "count": 0,
    "updated": 1518439299
  },
  {
    "id": "35254fd6-9df8-426e-978d-2017dc470afc",
    "data": [
      {
        "text": "Make ",
        "userDefined": false
      },
      {
        "text": "bar plot",
        "alias": "chart-types",
        "meta": "@chart-types",
        "userDefined": false
      }
    ],
    "isTemplate": false,
    "count": 0,
    "updated": 1518439299
  },
  {
    "id": "2f9d7119-8065-45ee-875b-91bdac6f6dea",
    "data": [
      {
        "text": "bar",
        "alias": "chart-types",
        "meta": "@chart-types",
        "userDefined": false
      }
    ],
    "isTemplate": false,
    "count": 0,
    "updated": 1518439299
  },
  {
    "id": "c8397b51-d716-4352-9071-8795028611ea",
    "data": [
      {
        "text": "Draw ",
        "userDefined": false
      },
      {
        "text": "column",
        "alias": "chart-types",
        "meta": "@chart-types",
        "userDefined": false
      },
      {
        "text": " plot",
        "userDefined": false
      }
    ],
    "isTemplate": false,
    "count": 0,
    "updated": 1518439299
  }
]