[
  {
    "id": "4fcaf93d-f84d-4e11-b1f1-5509db52a967",
    "data": [
      {
        "text": "horisontal",
        "alias": "bar-chart-styles",
        "meta": "@bar-chart-styles",
        "userDefined": false
      }
    ],
    "isTemplate": false,
    "count": 0,
    "updated": 1518353870
  },
  {
    "id": "9865ffbd-ad70-4c15-abc6-67f3a89f490d",
    "data": [
      {
        "text": "horizontal",
        "alias": "bar-chart-styles",
        "meta": "@bar-chart-styles",
        "userDefined": false
      },
      {
        "text": " ",
        "userDefined": false
      },
      {
        "text": "bar",
        "meta": "@sys.ignore",
        "userDefined": false
      }
    ],
    "isTemplate": false,
    "count": 1,
    "updated": 1518353870
  },
  {
    "id": "0eb892f4-b6f7-48de-b9c3-5cc1260f1e26",
    "data": [
      {
        "text": "horizontal",
        "alias": "bar-chart-styles",
        "meta": "@bar-chart-styles",
        "userDefined": false
      }
    ],
    "isTemplate": false,
    "count": 0,
    "updated": 1518356850
  },
  {
    "id": "44a31c8b-7c4f-45f7-99e1-a05b4083929a",
    "data": [
      {
        "text": "horiz",
        "alias": "bar-chart-styles",
        "meta": "@bar-chart-styles",
        "userDefined": true
      }
    ],
    "isTemplate": false,
    "count": 0,
    "updated": 1518355302
  }
]