[
  {
    "id": "63f6f4d7-e294-42d4-897a-67148a8e4572",
    "data": [
      {
        "text": "stacked",
        "alias": "bar-chart-styles",
        "meta": "@bar-chart-styles",
        "userDefined": false
      },
      {
        "text": " ",
        "userDefined": false
      },
      {
        "text": "bar",
        "meta": "@sys.ignore",
        "userDefined": false
      }
    ],
    "isTemplate": false,
    "count": 0,
    "updated": 1518425463
  },
  {
    "id": "6fbbcc49-694a-441a-aad6-64d3af29e0a9",
    "data": [
      {
        "text": "stacked",
        "alias": "bar-chart-styles",
        "meta": "@bar-chart-styles",
        "userDefined": true
      }
    ],
    "isTemplate": false,
    "count": 0,
    "updated": 1518425463
  }
]