[
  {
    "id": "c320ed8d-b9bf-4997-a8b4-890ec881b06c",
    "data": [
      {
        "text": "column",
        "alias": "chart-types",
        "meta": "@chart-types",
        "userDefined": false
      }
    ],
    "isTemplate": false,
    "count": 0,
    "updated": 1520175647
  },
  {
    "id": "221aa73c-4e00-48fe-8327-3ef518e2f887",
    "data": [
      {
        "text": "bar chart",
        "alias": "chart-types",
        "meta": "@chart-types",
        "userDefined": false
      }
    ],
    "isTemplate": false,
    "count": 0,
    "updated": 1520175647
  },
  {
    "id": "53cf5242-14a0-4b83-b4a7-e0b071a25510",
    "data": [
      {
        "text": "bar plot",
        "alias": "chart-types",
        "meta": "@chart-types",
        "userDefined": false
      }
    ],
    "isTemplate": false,
    "count": 0,
    "updated": 1520175647
  },
  {
    "id": "ee27a2ad-bddb-4be7-b15b-6888cd92ad8a",
    "data": [
      {
        "text": "column chart",
        "alias": "chart-types",
        "meta": "@chart-types",
        "userDefined": false
      }
    ],
    "isTemplate": false,
    "count": 0,
    "updated": 1520175647
  },
  {
    "id": "38a82da7-3694-4b1f-ac2c-8176976d1445",
    "data": [
      {
        "text": "bar chart",
        "alias": "chart-types",
        "meta": "@chart-types",
        "userDefined": false
      },
      {
        "text": " please",
        "userDefined": false
      }
    ],
    "isTemplate": false,
    "count": 1,
    "updated": 1520175647
  },
  {
    "id": "cccf2634-5790-48d0-b7bb-26cf43d7866c",
    "data": [
      {
        "text": "Draw ",
        "userDefined": false
      },
      {
        "text": "bar chart",
        "alias": "chart-types",
        "meta": "@chart-types",
        "userDefined": false
      }
    ],
    "isTemplate": false,
    "count": 0,
    "updated": 1520175647
  },
  {
    "id": "dd4f088f-d6ef-487b-9537-32a8c6240777",
    "data": [
      {
        "text": "I need a ",
        "userDefined": false
      },
      {
        "text": "bar chart",
        "alias": "chart-types",
        "meta": "@chart-types",
        "userDefined": false
      }
    ],
    "isTemplate": false,
    "count": 0,
    "updated": 1520175647
  },
  {
    "id": "b2e1d320-56f0-47e0-b63f-7016650fa75c",
    "data": [
      {
        "text": "draw ",
        "userDefined": false
      },
      {
        "text": "barchart",
        "alias": "chart-types",
        "meta": "@chart-types",
        "userDefined": false
      }
    ],
    "isTemplate": false,
    "count": 0,
    "updated": 1520175647
  },
  {
    "id": "4ffcb5cc-ae23-403a-b6dd-add857d08a49",
    "data": [
      {
        "text": "Make ",
        "userDefined": false
      },
      {
        "text": "bar plot",
        "alias": "chart-types",
        "meta": "@chart-types",
        "userDefined": false
      }
    ],
    "isTemplate": false,
    "count": 0,
    "updated": 1520175647
  },
  {
    "id": "09ba15a0-7567-4b32-9263-09f30a6b3c87",
    "data": [
      {
        "text": "bar",
        "alias": "chart-types",
        "meta": "@chart-types",
        "userDefined": false
      }
    ],
    "isTemplate": false,
    "count": 0,
    "updated": 1520175647
  },
  {
    "id": "f47480eb-6751-4eb6-80bd-b4caec776993",
    "data": [
      {
        "text": "Draw ",
        "userDefined": false
      },
      {
        "text": "column",
        "alias": "chart-types",
        "meta": "@chart-types",
        "userDefined": false
      },
      {
        "text": " plot",
        "userDefined": false
      }
    ],
    "isTemplate": false,
    "count": 0,
    "updated": 1520175647
  }
]