[
  {
    "id": "b00204da-4053-43f8-a1ea-6472bb5b1374",
    "data": [
      {
        "text": "horisontal",
        "alias": "bar-chart-styles",
        "meta": "@bar-chart-styles",
        "userDefined": false
      }
    ],
    "isTemplate": false,
    "count": 0,
    "updated": 1518353870
  },
  {
    "id": "b0add496-d921-41d9-ac73-4b5aa5294bd9",
    "data": [
      {
        "text": "horizontal",
        "alias": "bar-chart-styles",
        "meta": "@bar-chart-styles",
        "userDefined": false
      },
      {
        "text": " ",
        "userDefined": false
      },
      {
        "text": "bar",
        "meta": "@sys.ignore",
        "userDefined": false
      }
    ],
    "isTemplate": false,
    "count": 1,
    "updated": 1518353870
  },
  {
    "id": "59f9c515-fe9c-40fc-9aa1-0d18a5b8b603",
    "data": [
      {
        "text": "horizontal",
        "alias": "bar-chart-styles",
        "meta": "@bar-chart-styles",
        "userDefined": false
      }
    ],
    "isTemplate": false,
    "count": 0,
    "updated": 1518356850
  },
  {
    "id": "4f5a909c-7feb-4fdb-b1e1-1bb194047aca",
    "data": [
      {
        "text": "horiz",
        "alias": "bar-chart-styles",
        "meta": "@bar-chart-styles",
        "userDefined": true
      }
    ],
    "isTemplate": false,
    "count": 0,
    "updated": 1518355302
  }
]