[
  {
    "id": "15ae85c6-3638-4c0a-b7ac-668efd32716c",
    "data": [
      {
        "text": "build chart",
        "userDefined": false
      }
    ],
    "isTemplate": false,
    "count": 0,
    "updated": 1519111111
  },
  {
    "id": "7fe3214f-0d3d-4d78-b2b6-60c6d56239f5",
    "data": [
      {
        "text": "sufficient",
        "userDefined": false
      }
    ],
    "isTemplate": false,
    "count": 0,
    "updated": 1519111111
  },
  {
    "id": "d01b26df-d26e-4514-9ea8-35734127fd81",
    "data": [
      {
        "text": "chart",
        "userDefined": false
      }
    ],
    "isTemplate": false,
    "count": 0,
    "updated": 1519111111
  },
  {
    "id": "c401fd11-1e84-454f-a42c-903481b92fee",
    "data": [
      {
        "text": "that is all",
        "userDefined": false
      }
    ],
    "isTemplate": false,
    "count": 0,
    "updated": 1519111111
  },
  {
    "id": "19e5d687-ab07-4292-9d5f-ae9610366ab3",
    "data": [
      {
        "text": "enough",
        "userDefined": false
      }
    ],
    "isTemplate": false,
    "count": 0,
    "updated": 1519111111
  },
  {
    "id": "79d835ec-9c35-40a7-a520-350a7869bf07",
    "data": [
      {
        "text": "make plot",
        "userDefined": false
      }
    ],
    "isTemplate": false,
    "count": 0,
    "updated": 1519111111
  },
  {
    "id": "68fb767d-dd11-44dd-872c-13d50d09e068",
    "data": [
      {
        "text": "plot",
        "userDefined": false
      }
    ],
    "isTemplate": false,
    "count": 0,
    "updated": 1519111111
  },
  {
    "id": "9741d550-3d24-4637-ab3a-7626648edd18",
    "data": [
      {
        "text": "plot it",
        "userDefined": false
      }
    ],
    "isTemplate": false,
    "count": 0,
    "updated": 1519111111
  },
  {
    "id": "51747d86-446f-4fee-a299-1861d52b1cf8",
    "data": [
      {
        "text": "make chart",
        "userDefined": false
      }
    ],
    "isTemplate": false,
    "count": 0,
    "updated": 1519111111
  },
  {
    "id": "cecb03e7-f505-4c51-a119-e62f2520372a",
    "data": [
      {
        "text": "draw",
        "userDefined": false
      }
    ],
    "isTemplate": false,
    "count": 0,
    "updated": 1519111111
  },
  {
    "id": "237415ba-14a9-411f-8f6a-7034e5fa6203",
    "data": [
      {
        "text": " let\u0027s go",
        "userDefined": false
      }
    ],
    "isTemplate": false,
    "count": 0,
    "updated": 1519111111
  },
  {
    "id": "12f2ae95-690e-4027-8533-1e15cdb17cc4",
    "data": [
      {
        "text": "done",
        "userDefined": false
      }
    ],
    "isTemplate": false,
    "count": 0,
    "updated": 1518426433
  },
  {
    "id": "f88d23a8-8cb1-4bbc-b2a3-f2ba90a41ac7",
    "data": [
      {
        "text": "draw it",
        "userDefined": false
      }
    ],
    "isTemplate": false,
    "count": 0,
    "updated": 1518427073
  },
  {
    "id": "dd8d3719-2a28-4f61-8480-907d46c25912",
    "data": [
      {
        "text": "quite right",
        "userDefined": false
      }
    ],
    "isTemplate": false,
    "count": 0,
    "updated": 1518427073
  },
  {
    "id": "dff1215a-2e58-4378-83a6-6ab9c2765876",
    "data": [
      {
        "text": "correct",
        "userDefined": false
      }
    ],
    "isTemplate": false,
    "count": 0,
    "updated": 1518426433
  },
  {
    "id": "3ece9324-37d9-428a-ac59-fbbb895dabcf",
    "data": [
      {
        "text": "that\u0027s enough",
        "userDefined": false
      }
    ],
    "isTemplate": false,
    "count": 0,
    "updated": 1518426433
  },
  {
    "id": "a8b09c55-23a4-4d62-9fc2-17e42d349c76",
    "data": [
      {
        "text": "ok",
        "userDefined": false
      }
    ],
    "isTemplate": false,
    "count": 0,
    "updated": 1518426433
  },
  {
    "id": "d927a286-48ab-4284-bd5f-35f338506706",
    "data": [
      {
        "text": "plot chart",
        "userDefined": false
      }
    ],
    "isTemplate": false,
    "count": 0,
    "updated": 1518426433
  },
  {
    "id": "0c6908ac-f84f-4870-9fdb-aa5e5abdd6ba",
    "data": [
      {
        "text": "yes",
        "userDefined": false
      }
    ],
    "isTemplate": false,
    "count": 0,
    "updated": 1518427073
  },
  {
    "id": "3980f619-7626-460e-956f-55ab52fdcf0c",
    "data": [
      {
        "text": "that\u0027s all",
        "userDefined": false
      }
    ],
    "isTemplate": false,
    "count": 0,
    "updated": 1518426433
  },
  {
    "id": "f55dbb1f-0740-48eb-8d4a-a02f8ced0265",
    "data": [
      {
        "text": "go",
        "userDefined": false
      }
    ],
    "isTemplate": false,
    "count": 0,
    "updated": 1518427073
  },
  {
    "id": "8b3ef0a6-645c-4cb7-9bd0-28e2b3c6bbcb",
    "data": [
      {
        "text": "right",
        "userDefined": false
      }
    ],
    "isTemplate": false,
    "count": 0,
    "updated": 1518427073
  },
  {
    "id": "e0350132-c01d-4ab1-8e47-2eabd880ef23",
    "data": [
      {
        "text": "no more",
        "userDefined": false
      }
    ],
    "isTemplate": false,
    "count": 0,
    "updated": 1518426433
  },
  {
    "id": "8d5ebafc-5423-4ada-8baf-64c5d3530539",
    "data": [
      {
        "text": "that\u0027s ok",
        "userDefined": false
      }
    ],
    "isTemplate": false,
    "count": 0,
    "updated": 1518426433
  },
  {
    "id": "fdefd461-ccb0-4762-ba79-40dea835665c",
    "data": [
      {
        "text": "done",
        "userDefined": false
      }
    ],
    "isTemplate": false,
    "count": 0,
    "updated": 1518427073
  },
  {
    "id": "bc58cdcc-a080-4017-9594-b269c27b0d60",
    "data": [
      {
        "text": "ready",
        "userDefined": false
      }
    ],
    "isTemplate": false,
    "count": 0,
    "updated": 1518426433
  },
  {
    "id": "b64a0434-44c5-4f03-b1f9-6fed011cdc16",
    "data": [
      {
        "text": "make",
        "userDefined": false
      }
    ],
    "isTemplate": false,
    "count": 0,
    "updated": 1518426433
  },
  {
    "id": "5494b761-a416-4e27-acbd-ad8752dd0416",
    "data": [
      {
        "text": "draw plot",
        "userDefined": false
      }
    ],
    "isTemplate": false,
    "count": 0,
    "updated": 1518426433
  },
  {
    "id": "e6ba085e-6d89-43ec-8cac-28e7a26eeffb",
    "data": [
      {
        "text": "draw chart",
        "userDefined": false
      }
    ],
    "isTemplate": false,
    "count": 0,
    "updated": 1518426433
  }
]