[
  {
    "id": "42bc5421-02a0-469e-b922-5e3c647134cc",
    "data": [
      {
        "text": "stacked",
        "alias": "bar-chart-styles",
        "meta": "@bar-chart-styles",
        "userDefined": false
      },
      {
        "text": " ",
        "userDefined": false
      },
      {
        "text": "bar",
        "meta": "@sys.ignore",
        "userDefined": false
      }
    ],
    "isTemplate": false,
    "count": 0,
    "updated": 1518425463
  },
  {
    "id": "9f598b67-c688-42f6-a977-346d8423e069",
    "data": [
      {
        "text": "stacked",
        "alias": "bar-chart-styles",
        "meta": "@bar-chart-styles",
        "userDefined": true
      }
    ],
    "isTemplate": false,
    "count": 0,
    "updated": 1518425463
  }
]