[
  {
    "id": "12609095-1cf7-4f79-ab29-1a0ee8984241",
    "data": [
      {
        "text": "basoc",
        "alias": "bar-chart-styles",
        "meta": "@bar-chart-styles",
        "userDefined": true
      }
    ],
    "isTemplate": false,
    "count": 0,
    "updated": 1518355192
  },
  {
    "id": "240be4f4-f836-4800-84cd-aedd32082846",
    "data": [
      {
        "text": "basic",
        "alias": "bar-chart-styles",
        "meta": "@bar-chart-styles",
        "userDefined": false
      },
      {
        "text": " ",
        "userDefined": false
      },
      {
        "text": "bar chart",
        "meta": "@sys.ignore",
        "userDefined": false
      }
    ],
    "isTemplate": false,
    "count": 0
  },
  {
    "id": "98d9c634-81af-411c-a47a-7654f8ee68e0",
    "data": [
      {
        "text": "ordinary",
        "alias": "bar-chart-styles",
        "meta": "@bar-chart-styles",
        "userDefined": false
      }
    ],
    "isTemplate": false,
    "count": 0
  },
  {
    "id": "f0dacbe9-86f5-4c9d-8944-232d471968f9",
    "data": [
      {
        "text": "basic",
        "alias": "bar-chart-styles",
        "meta": "@bar-chart-styles",
        "userDefined": false
      },
      {
        "text": " style",
        "userDefined": false
      }
    ],
    "isTemplate": false,
    "count": 0,
    "updated": 1518175614
  },
  {
    "id": "cc0f76ea-e039-4bfe-9b70-a46c24105876",
    "data": [
      {
        "text": "basic",
        "alias": "bar-chart-styles",
        "meta": "@bar-chart-styles",
        "userDefined": false
      }
    ],
    "isTemplate": false,
    "count": 0
  },
  {
    "id": "598d0e7a-4335-42a1-a3f1-34a04ecf8ae8",
    "data": [
      {
        "text": "usual",
        "alias": "bar-chart-styles",
        "meta": "@bar-chart-styles",
        "userDefined": false
      }
    ],
    "isTemplate": false,
    "count": 0
  },
  {
    "id": "9ea5ec49-a12c-4e90-9681-c7a32cc303d7",
    "data": [
      {
        "text": "simple",
        "alias": "bar-chart-styles",
        "meta": "@bar-chart-styles",
        "userDefined": false
      }
    ],
    "isTemplate": false,
    "count": 1
  },
  {
    "id": "3eb86e54-e5d4-4730-8276-5de9acb4c00e",
    "data": [
      {
        "text": "basi",
        "alias": "bar-chart-styles",
        "meta": "@bar-chart-styles",
        "userDefined": true
      }
    ],
    "isTemplate": false,
    "count": 0,
    "updated": 1518355192
  },
  {
    "id": "9de3a1a4-4b05-4169-a880-15b487153a94",
    "data": [
      {
        "text": "I don\u0027t know",
        "userDefined": false
      }
    ],
    "isTemplate": false,
    "count": 0,
    "updated": 1518175614
  },
  {
    "id": "afb97102-63cd-4c7b-9c94-e4fda53e02ff",
    "data": [
      {
        "text": "basic",
        "alias": "bar-chart-styles",
        "meta": "@bar-chart-styles",
        "userDefined": false
      },
      {
        "text": " style please",
        "userDefined": false
      }
    ],
    "isTemplate": false,
    "count": 0,
    "updated": 1518175614
  }
]