[
  {
    "id": "b8cae1ed-baec-4ae3-bf40-65d4be73489f",
    "data": [
      {
        "text": "column",
        "alias": "chart-types",
        "meta": "@chart-types",
        "userDefined": false
      }
    ],
    "isTemplate": false,
    "count": 0,
    "updated": 1518291290
  },
  {
    "id": "a337b02c-1130-48d2-95ac-5911ad9754e4",
    "data": [
      {
        "text": "bar chart",
        "alias": "chart-types",
        "meta": "@chart-types",
        "userDefined": false
      }
    ],
    "isTemplate": false,
    "count": 0,
    "updated": 1518291290
  },
  {
    "id": "6e9a7d67-9ef4-40d3-bad1-b74bca103c34",
    "data": [
      {
        "text": "bar plot",
        "alias": "chart-types",
        "meta": "@chart-types",
        "userDefined": false
      }
    ],
    "isTemplate": false,
    "count": 0,
    "updated": 1518291290
  },
  {
    "id": "f85aeb2d-b48e-4efc-9eaf-4227c7ea4c30",
    "data": [
      {
        "text": "column chart",
        "alias": "chart-types",
        "meta": "@chart-types",
        "userDefined": false
      }
    ],
    "isTemplate": false,
    "count": 0,
    "updated": 1518291290
  },
  {
    "id": "bb3f3550-f342-4823-908e-4cf4349d38af",
    "data": [
      {
        "text": "bar chart",
        "alias": "chart-types",
        "meta": "@chart-types",
        "userDefined": false
      },
      {
        "text": " please",
        "userDefined": false
      }
    ],
    "isTemplate": false,
    "count": 1,
    "updated": 1519036137
  },
  {
    "id": "b4b2ccfb-984c-4fc0-a6d4-6e59654f4f58",
    "data": [
      {
        "text": "Draw ",
        "userDefined": false
      },
      {
        "text": "bar chart",
        "alias": "chart-types",
        "meta": "@chart-types",
        "userDefined": false
      }
    ],
    "isTemplate": false,
    "count": 0,
    "updated": 1519036137
  },
  {
    "id": "34ae5809-d781-4284-9517-0a9635fe07de",
    "data": [
      {
        "text": "I need a ",
        "userDefined": false
      },
      {
        "text": "bar chart",
        "alias": "chart-types",
        "meta": "@chart-types",
        "userDefined": false
      }
    ],
    "isTemplate": false,
    "count": 0,
    "updated": 1519036137
  },
  {
    "id": "f805d181-5804-470e-83d4-6e78b266aaeb",
    "data": [
      {
        "text": "draw ",
        "userDefined": false
      },
      {
        "text": "barchart",
        "alias": "chart-types",
        "meta": "@chart-types",
        "userDefined": false
      }
    ],
    "isTemplate": false,
    "count": 0,
    "updated": 1519036137
  },
  {
    "id": "6bb19e47-953f-46fa-97e9-03019a2ead1d",
    "data": [
      {
        "text": "Make ",
        "userDefined": false
      },
      {
        "text": "bar plot",
        "alias": "chart-types",
        "meta": "@chart-types",
        "userDefined": false
      }
    ],
    "isTemplate": false,
    "count": 0,
    "updated": 1519036137
  },
  {
    "id": "43ec51e9-664f-4660-b2cb-7ac5757a712f",
    "data": [
      {
        "text": "bar",
        "alias": "chart-types",
        "meta": "@chart-types",
        "userDefined": false
      }
    ],
    "isTemplate": false,
    "count": 0,
    "updated": 1518439299
  },
  {
    "id": "f3b0f714-9f6a-448f-9130-6cbcd7b31286",
    "data": [
      {
        "text": "Draw ",
        "userDefined": false
      },
      {
        "text": "column",
        "alias": "chart-types",
        "meta": "@chart-types",
        "userDefined": false
      },
      {
        "text": " plot",
        "userDefined": false
      }
    ],
    "isTemplate": false,
    "count": 0,
    "updated": 1519036137
  }
]