[
  {
    "id": "124404cd-b9b9-42d9-8129-d1e8f1dd96c8",
    "data": [
      {
        "text": "series A: 0.0 1.4 2.1 3.0 4.1 5.0",
        "alias": "data-series-0",
        "meta": "@sys.any",
        "userDefined": true
      }
    ],
    "isTemplate": false,
    "count": 0,
    "updated": 1518425765
  },
  {
    "id": "03e35b0b-5c0d-4cc5-b82d-bf01ab505d15",
    "data": [
      {
        "text": "Series X: 5, 5, 6, 4, 5, 1",
        "alias": "data-series-0",
        "meta": "@sys.any",
        "userDefined": true
      }
    ],
    "isTemplate": false,
    "count": 0,
    "updated": 1518425765
  },
  {
    "id": "474b365f-ae33-46ff-b487-4def6adadd99",
    "data": [
      {
        "text": "myseries: 0.1; 0.5; 0.9; 1.1; 1.2; 1.6; 1.8; 2.9; 3.0",
        "alias": "data-series-0",
        "meta": "@sys.any",
        "userDefined": true
      }
    ],
    "isTemplate": false,
    "count": 0,
    "updated": 1518425765
  },
  {
    "id": "78a3a11c-c594-4891-af7b-725080fa90ba",
    "data": [
      {
        "text": "@sys.any:data-series-0",
        "userDefined": false
      }
    ],
    "isTemplate": true,
    "count": 0,
    "updated": 1518425765
  },
  {
    "id": "2a157fbb-e550-47b1-9db9-8c29ebe79d1f",
    "data": [
      {
        "text": "series AT40: 10, 20, 30, 50, 100, 200, 260, 300",
        "alias": "data-series-0",
        "meta": "@sys.any",
        "userDefined": true
      }
    ],
    "isTemplate": false,
    "count": 0,
    "updated": 1518425765
  },
  {
    "id": "fe6bc70c-5989-4971-97df-60f777698006",
    "data": [
      {
        "text": "series odd: 1, 3, 5, 7, 9, 11",
        "alias": "data-series-0",
        "meta": "@sys.any",
        "userDefined": true
      }
    ],
    "isTemplate": false,
    "count": 0,
    "updated": 1518425765
  }
]