[
  {
    "id": "53ffa36a-fe0d-4515-a922-306750d2d30c",
    "data": [
      {
        "text": "Hi!",
        "userDefined": false
      }
    ],
    "isTemplate": false,
    "count": 0,
    "updated": 1518781066
  },
  {
    "id": "1af6a526-8506-4118-9156-b03a0e7f9f96",
    "data": [
      {
        "text": "Hey",
        "userDefined": false
      }
    ],
    "isTemplate": false,
    "count": 0,
    "updated": 1518781066
  },
  {
    "id": "7526295c-d3f6-4443-9724-8d0836cbac63",
    "data": [
      {
        "text": "Hi",
        "userDefined": false
      }
    ],
    "isTemplate": false,
    "count": 0,
    "updated": 1518781066
  },
  {
    "id": "a5b732a4-339e-49f1-8609-d90933b797b7",
    "data": [
      {
        "text": "Hello",
        "userDefined": false
      }
    ],
    "isTemplate": false,
    "count": 0,
    "updated": 1518781066
  }
]