[
  {
    "id": "71a8d81a-0951-4097-80ca-ce18316f2d6e",
    "data": [
      {
        "text": "draw another chart",
        "userDefined": false
      }
    ],
    "isTemplate": false,
    "count": 0,
    "updated": 1519113877
  },
  {
    "id": "4e3481e5-a896-4bef-82d8-aa47a037e55d",
    "data": [
      {
        "text": "build one more",
        "userDefined": false
      }
    ],
    "isTemplate": false,
    "count": 0,
    "updated": 1519113877
  },
  {
    "id": "3a13d47f-b292-4c20-aeca-ae72e7fffeff",
    "data": [
      {
        "text": "yes",
        "userDefined": false
      }
    ],
    "isTemplate": false,
    "count": 0,
    "updated": 1519113877
  },
  {
    "id": "2c58a824-4750-491c-889a-fed54c2f289f",
    "data": [
      {
        "text": "start afresh",
        "userDefined": false
      }
    ],
    "isTemplate": false,
    "count": 0,
    "updated": 1519113877
  },
  {
    "id": "092166ce-e51f-4ee3-b6d8-14923f346399",
    "data": [
      {
        "text": "Draw a chart",
        "userDefined": false
      }
    ],
    "isTemplate": false,
    "count": 0,
    "updated": 1519113877
  },
  {
    "id": "b65a4ea5-fe9d-4906-b2ba-cd4b09c7e731",
    "data": [
      {
        "text": "Give me a chart",
        "userDefined": false
      }
    ],
    "isTemplate": false,
    "count": 0,
    "updated": 1519113877
  },
  {
    "id": "d5202d4f-87dd-4e0f-aa89-c2c2cb4969f1",
    "data": [
      {
        "text": "let\u0027s draw a plot",
        "userDefined": false
      }
    ],
    "isTemplate": false,
    "count": 0,
    "updated": 1519113877
  },
  {
    "id": "65ab4e05-192a-44c9-b15c-c9ce144ced81",
    "data": [
      {
        "text": "from scratch",
        "userDefined": false
      }
    ],
    "isTemplate": false,
    "count": 0,
    "updated": 1519113877
  },
  {
    "id": "dca96a95-7eec-4e36-9ed0-e6570f5b8bad",
    "data": [
      {
        "text": "plot",
        "userDefined": false
      }
    ],
    "isTemplate": false,
    "count": 0,
    "updated": 1519113877
  },
  {
    "id": "e33f5eb8-c2bd-40d0-9ec4-040b63bccefb",
    "data": [
      {
        "text": "reset",
        "userDefined": false
      }
    ],
    "isTemplate": false,
    "count": 0,
    "updated": 1519113877
  },
  {
    "id": "453b1598-17f4-46e2-9c7c-ab349c52a36f",
    "data": [
      {
        "text": "draw chart",
        "userDefined": false
      }
    ],
    "isTemplate": false,
    "count": 0,
    "updated": 1519113877
  },
  {
    "id": "d0b9cdb0-359e-4bcd-8252-fd4366340367",
    "data": [
      {
        "text": "begin",
        "userDefined": false
      }
    ],
    "isTemplate": false,
    "count": 0,
    "updated": 1519113877
  },
  {
    "id": "83e72e31-ba56-4d23-97f9-fe8bd403c4a2",
    "data": [
      {
        "text": "make chart",
        "userDefined": false
      }
    ],
    "isTemplate": false,
    "count": 1,
    "updated": 1519113877
  },
  {
    "id": "545cd16b-a284-47c6-81f1-d24d575e74a7",
    "data": [
      {
        "text": "construct a graph",
        "userDefined": false
      }
    ],
    "isTemplate": false,
    "count": 0,
    "updated": 1519113877
  },
  {
    "id": "26b370a6-8166-4ac6-bc24-1eb1b3197052",
    "data": [
      {
        "text": "let\u0027s go",
        "userDefined": false
      }
    ],
    "isTemplate": false,
    "count": 1,
    "updated": 1519113877
  },
  {
    "id": "13265d8e-5adb-4db7-8ba1-685c23df490e",
    "data": [
      {
        "text": "let\u0027s draw a chart",
        "userDefined": false
      }
    ],
    "isTemplate": false,
    "count": 0,
    "updated": 1519113877
  },
  {
    "id": "e3a30291-64db-438a-a0c0-9eb4bc2c4d46",
    "data": [
      {
        "text": "make a graph",
        "userDefined": false
      }
    ],
    "isTemplate": false,
    "count": 0,
    "updated": 1519113877
  },
  {
    "id": "68423219-1851-4a51-96f4-8d39a3213d07",
    "data": [
      {
        "text": "from the beginning",
        "userDefined": false
      }
    ],
    "isTemplate": false,
    "count": 0,
    "updated": 1519113877
  },
  {
    "id": "52266351-70b5-4ca4-a322-39d117066e5a",
    "data": [
      {
        "text": "draw plot",
        "userDefined": false
      }
    ],
    "isTemplate": false,
    "count": 0,
    "updated": 1519113877
  },
  {
    "id": "d83febf3-3235-436b-8857-4086f8bad3d2",
    "data": [
      {
        "text": "build chart",
        "userDefined": false
      }
    ],
    "isTemplate": false,
    "count": 0,
    "updated": 1519113877
  },
  {
    "id": "3677f17e-4a94-45a7-a752-e975cdd7b739",
    "data": [
      {
        "text": "start",
        "userDefined": false
      }
    ],
    "isTemplate": false,
    "count": 0,
    "updated": 1519113877
  },
  {
    "id": "b2bd29a5-af85-42b4-94eb-9a89d1b8e3a9",
    "data": [
      {
        "text": "Make a chart",
        "userDefined": false
      }
    ],
    "isTemplate": false,
    "count": 0,
    "updated": 1519113877
  },
  {
    "id": "24c8add5-6df4-47e7-ae11-eb1d1fb168be",
    "data": [
      {
        "text": "restart",
        "userDefined": false
      }
    ],
    "isTemplate": false,
    "count": 0,
    "updated": 1519113877
  },
  {
    "id": "de7cb0b1-a422-4391-b796-69067a0041ea",
    "data": [
      {
        "text": "plot a chart",
        "userDefined": false
      }
    ],
    "isTemplate": false,
    "count": 0,
    "updated": 1519113877
  }
]