[
  {
    "id": "631f5213-bfe5-43f0-b102-b0a895330e62",
    "data": [
      {
        "text": "build one more",
        "userDefined": false
      }
    ],
    "isTemplate": false,
    "count": 0,
    "updated": 1518781164
  },
  {
    "id": "4dcb6f3d-3ddc-4e6b-9a8f-0810ea2372c2",
    "data": [
      {
        "text": "yes",
        "userDefined": false
      }
    ],
    "isTemplate": false,
    "count": 0,
    "updated": 1518781164
  },
  {
    "id": "f60450c6-bf54-46e7-b531-4a90dfb776c4",
    "data": [
      {
        "text": "start afresh",
        "userDefined": false
      }
    ],
    "isTemplate": false,
    "count": 0,
    "updated": 1518781164
  },
  {
    "id": "47830b63-dde8-454f-bd22-7c335b77e497",
    "data": [
      {
        "text": "Draw a chart",
        "userDefined": false
      }
    ],
    "isTemplate": false,
    "count": 0,
    "updated": 1518781164
  },
  {
    "id": "3c22b9db-6d81-420b-9fa0-af438f3a934f",
    "data": [
      {
        "text": "Give me a chart",
        "userDefined": false
      }
    ],
    "isTemplate": false,
    "count": 0,
    "updated": 1518781164
  },
  {
    "id": "581d3c39-97be-44b0-8f3d-a3a459c9b4ad",
    "data": [
      {
        "text": "let\u0027s draw a plot",
        "userDefined": false
      }
    ],
    "isTemplate": false,
    "count": 0,
    "updated": 1518781164
  },
  {
    "id": "fa1446c0-86da-49b7-8046-ec6230e05b33",
    "data": [
      {
        "text": "from scratch",
        "userDefined": false
      }
    ],
    "isTemplate": false,
    "count": 0,
    "updated": 1518781164
  },
  {
    "id": "d1842a27-815e-4f5b-83a7-3e853f3cbbc6",
    "data": [
      {
        "text": "plot",
        "userDefined": false
      }
    ],
    "isTemplate": false,
    "count": 0,
    "updated": 1518781164
  },
  {
    "id": "cba50777-fe51-43db-a62e-8936423ca483",
    "data": [
      {
        "text": "reset",
        "userDefined": false
      }
    ],
    "isTemplate": false,
    "count": 0,
    "updated": 1518781164
  },
  {
    "id": "fb6be5c0-2253-4d1e-99a3-c014ea9ebf9e",
    "data": [
      {
        "text": "draw chart",
        "userDefined": false
      }
    ],
    "isTemplate": false,
    "count": 0,
    "updated": 1518781164
  },
  {
    "id": "d0f3a69f-6518-4913-bcb3-d855d24e2ce3",
    "data": [
      {
        "text": "begin",
        "userDefined": false
      }
    ],
    "isTemplate": false,
    "count": 0,
    "updated": 1518781164
  },
  {
    "id": "ad8c9bab-1fb8-4249-bee1-d7665c88f61b",
    "data": [
      {
        "text": "make chart",
        "userDefined": false
      }
    ],
    "isTemplate": false,
    "count": 1,
    "updated": 1518781164
  },
  {
    "id": "cb2f75c5-257f-481b-baec-b6873b399c86",
    "data": [
      {
        "text": "construct a graph",
        "userDefined": false
      }
    ],
    "isTemplate": false,
    "count": 0,
    "updated": 1518781164
  },
  {
    "id": "437995f5-5f53-42f4-99c7-8586533dec25",
    "data": [
      {
        "text": "let\u0027s go",
        "userDefined": false
      }
    ],
    "isTemplate": false,
    "count": 1,
    "updated": 1518781164
  },
  {
    "id": "f7e947c7-d284-46b1-a653-2a62e6a06ce0",
    "data": [
      {
        "text": "let\u0027s draw a chart",
        "userDefined": false
      }
    ],
    "isTemplate": false,
    "count": 0,
    "updated": 1518781164
  },
  {
    "id": "5ee34493-1794-44c4-b2c1-aeea5d814d15",
    "data": [
      {
        "text": "make a graph",
        "userDefined": false
      }
    ],
    "isTemplate": false,
    "count": 0,
    "updated": 1518781164
  },
  {
    "id": "de29fa16-76f6-4f3f-b7cf-a54ed361b09f",
    "data": [
      {
        "text": "from the beginning",
        "userDefined": false
      }
    ],
    "isTemplate": false,
    "count": 0,
    "updated": 1518781164
  },
  {
    "id": "32607691-2ec7-4dbd-a737-9390baad33ed",
    "data": [
      {
        "text": "draw plot",
        "userDefined": false
      }
    ],
    "isTemplate": false,
    "count": 0,
    "updated": 1518781164
  },
  {
    "id": "3d5530d9-d1db-4eca-b97d-9351dcf05204",
    "data": [
      {
        "text": "build chart",
        "userDefined": false
      }
    ],
    "isTemplate": false,
    "count": 0,
    "updated": 1518781164
  },
  {
    "id": "c0d68fe1-98dc-4264-be3d-7b801bf02ce9",
    "data": [
      {
        "text": "start",
        "userDefined": false
      }
    ],
    "isTemplate": false,
    "count": 0,
    "updated": 1518781164
  },
  {
    "id": "e9e8a244-09a3-4efc-8dd0-f541f83ee533",
    "data": [
      {
        "text": "Make a chart",
        "userDefined": false
      }
    ],
    "isTemplate": false,
    "count": 0,
    "updated": 1518781164
  },
  {
    "id": "e8d80a63-b595-480b-90ab-c03a5aad8009",
    "data": [
      {
        "text": "restart",
        "userDefined": false
      }
    ],
    "isTemplate": false,
    "count": 0,
    "updated": 1518781164
  },
  {
    "id": "f62c65ab-0839-46e1-8aff-8b9eb28ed3ee",
    "data": [
      {
        "text": "plot a chart",
        "userDefined": false
      }
    ],
    "isTemplate": false,
    "count": 0,
    "updated": 1518781164
  }
]