[
  {
    "id": "ba32f7b4-f4f2-42e0-994f-bc3210d70a51",
    "data": [
      {
        "text": "build chart",
        "userDefined": false
      }
    ],
    "isTemplate": false,
    "count": 1,
    "updated": 1519112557
  },
  {
    "id": "3000b6b7-c61c-45f2-a639-769f7a84cd64",
    "data": [
      {
        "text": "ready",
        "userDefined": false
      }
    ],
    "isTemplate": false,
    "count": 0,
    "updated": 1519112557
  },
  {
    "id": "a7d39e15-c3ad-4f2f-b40c-a00ec063d761",
    "data": [
      {
        "text": "yes",
        "userDefined": false
      }
    ],
    "isTemplate": false,
    "count": 0,
    "updated": 1519112557
  },
  {
    "id": "06645d9f-9764-4291-9222-03fe501b5fad",
    "data": [
      {
        "text": "draw chart",
        "userDefined": false
      }
    ],
    "isTemplate": false,
    "count": 0,
    "updated": 1519112557
  },
  {
    "id": "89cf278e-ea06-432c-b6e2-dda4b7423940",
    "data": [
      {
        "text": "no more",
        "userDefined": false
      }
    ],
    "isTemplate": false,
    "count": 0,
    "updated": 1519112557
  },
  {
    "id": "4e2d5c80-c67b-4468-99b2-3e1208fdad3c",
    "data": [
      {
        "text": "plot chart",
        "userDefined": false
      }
    ],
    "isTemplate": false,
    "count": 0,
    "updated": 1519112557
  },
  {
    "id": "adf91b65-4705-4f4c-8c17-617f1bd1ab42",
    "data": [
      {
        "text": "correct",
        "userDefined": false
      }
    ],
    "isTemplate": false,
    "count": 1,
    "updated": 1519112557
  },
  {
    "id": "252edf9e-8277-4c29-a515-eaa7bd303faf",
    "data": [
      {
        "text": "make plot",
        "userDefined": false
      }
    ],
    "isTemplate": false,
    "count": 0,
    "updated": 1519112557
  },
  {
    "id": "dad446a4-4e0c-41d8-a919-0970070e6344",
    "data": [
      {
        "text": "draw it",
        "userDefined": false
      }
    ],
    "isTemplate": false,
    "count": 0,
    "updated": 1519112557
  },
  {
    "id": "bf229f99-1a8d-4091-aa7e-d5c5b296519e",
    "data": [
      {
        "text": "that is all",
        "userDefined": false
      }
    ],
    "isTemplate": false,
    "count": 0,
    "updated": 1519112557
  },
  {
    "id": "73e99178-0a7c-4768-8340-80789a2c905c",
    "data": [
      {
        "text": "plot",
        "userDefined": false
      }
    ],
    "isTemplate": false,
    "count": 0,
    "updated": 1518427073
  },
  {
    "id": "571c5771-6c70-478e-8c5d-146bcb1dfe7e",
    "data": [
      {
        "text": "done",
        "userDefined": false
      }
    ],
    "isTemplate": false,
    "count": 0,
    "updated": 1518427073
  },
  {
    "id": "a035d77d-d060-468c-a2a1-ca13a4e623be",
    "data": [
      {
        "text": "quite right",
        "userDefined": false
      }
    ],
    "isTemplate": false,
    "count": 0,
    "updated": 1518427073
  },
  {
    "id": "84b95b55-0735-405e-b574-9b37dc9f5bb5",
    "data": [
      {
        "text": "that\u0027s ok",
        "userDefined": false
      }
    ],
    "isTemplate": false,
    "count": 0,
    "updated": 1518427073
  },
  {
    "id": "0e7b0340-630c-4c42-af08-db860fe5b459",
    "data": [
      {
        "text": "draw plot",
        "userDefined": false
      }
    ],
    "isTemplate": false,
    "count": 0,
    "updated": 1518427073
  },
  {
    "id": "89a2c4cd-afbb-48ed-91c6-f1bcbc16ae42",
    "data": [
      {
        "text": "sufficient",
        "userDefined": false
      }
    ],
    "isTemplate": false,
    "count": 0,
    "updated": 1518427073
  },
  {
    "id": "2ee9fb9f-52c2-4b98-8cfa-711f24500a52",
    "data": [
      {
        "text": "plot it",
        "userDefined": false
      }
    ],
    "isTemplate": false,
    "count": 0,
    "updated": 1518427073
  },
  {
    "id": "af901d9c-ce06-4a60-9548-515b8609ef81",
    "data": [
      {
        "text": "that\u0027s enough",
        "userDefined": false
      }
    ],
    "isTemplate": false,
    "count": 0,
    "updated": 1518427073
  },
  {
    "id": "2ba48240-67b5-413f-b185-bad0b0b842d1",
    "data": [
      {
        "text": "ok",
        "userDefined": false
      }
    ],
    "isTemplate": false,
    "count": 0,
    "updated": 1518427073
  },
  {
    "id": "28ddf30a-1254-4bdf-b4ea-7f3465a31841",
    "data": [
      {
        "text": "draw",
        "userDefined": false
      }
    ],
    "isTemplate": false,
    "count": 0,
    "updated": 1518427073
  },
  {
    "id": "058e06fe-ad43-437a-9b39-64c7c88d74ad",
    "data": [
      {
        "text": "that\u0027s all",
        "userDefined": false
      }
    ],
    "isTemplate": false,
    "count": 0,
    "updated": 1518427073
  },
  {
    "id": "a3b5f75c-28c0-4d84-b007-c0516ffa75d4",
    "data": [
      {
        "text": "make chart",
        "userDefined": false
      }
    ],
    "isTemplate": false,
    "count": 0,
    "updated": 1518427073
  },
  {
    "id": "e662777f-25cf-407b-807a-47e316954d20",
    "data": [
      {
        "text": " let\u0027s go",
        "userDefined": false
      }
    ],
    "isTemplate": false,
    "count": 0,
    "updated": 1518427073
  },
  {
    "id": "61eb85e1-d2dd-44b7-88ed-b20d993293ff",
    "data": [
      {
        "text": "enough",
        "userDefined": false
      }
    ],
    "isTemplate": false,
    "count": 0,
    "updated": 1518427073
  },
  {
    "id": "cfa8c660-800a-4f4d-8f4b-f0d20a555400",
    "data": [
      {
        "text": "chart",
        "userDefined": false
      }
    ],
    "isTemplate": false,
    "count": 0,
    "updated": 1518427073
  },
  {
    "id": "d28b2cad-ee70-4dac-b59b-49d56edba284",
    "data": [
      {
        "text": "go",
        "userDefined": false
      }
    ],
    "isTemplate": false,
    "count": 0,
    "updated": 1518427073
  },
  {
    "id": "8f1c6bdb-ffe2-4747-8137-d3d03f2fcdf4",
    "data": [
      {
        "text": "make",
        "userDefined": false
      }
    ],
    "isTemplate": false,
    "count": 0,
    "updated": 1518427073
  },
  {
    "id": "28f02412-5cfc-44c5-9c92-fa40dba9af14",
    "data": [
      {
        "text": "right",
        "userDefined": false
      }
    ],
    "isTemplate": false,
    "count": 0,
    "updated": 1518427073
  }
]