[
  {
    "id": "f8f426e9-b18e-4fb0-a656-9d4b985969f2",
    "data": [
      {
        "text": "basic",
        "alias": "line-chart-styles",
        "meta": "@bar-chart-styles",
        "userDefined": false
      },
      {
        "text": " ",
        "userDefined": false
      },
      {
        "text": "line chart",
        "alias": "chart-types",
        "meta": "@chart-types",
        "userDefined": false
      }
    ],
    "isTemplate": false,
    "count": 0,
    "updated": 1518425162
  },
  {
    "id": "b5326959-e041-4f79-894e-35f4ee5f8f9b",
    "data": [
      {
        "text": "basic",
        "alias": "line-chart-styles",
        "meta": "@bar-chart-styles",
        "userDefined": false
      },
      {
        "text": " style",
        "userDefined": false
      }
    ],
    "isTemplate": false,
    "count": 0,
    "updated": 1518425162
  },
  {
    "id": "29f0ac7a-7221-4767-8692-5aa4065012f4",
    "data": [
      {
        "text": "ordinary",
        "alias": "line-chart-styles",
        "meta": "@bar-chart-styles",
        "userDefined": false
      }
    ],
    "isTemplate": false,
    "count": 0,
    "updated": 1518425162
  },
  {
    "id": "1ed03470-2629-4faf-acd4-499171f08c92",
    "data": [
      {
        "text": "usual",
        "alias": "line-chart-styles",
        "meta": "@bar-chart-styles",
        "userDefined": false
      }
    ],
    "isTemplate": false,
    "count": 0,
    "updated": 1518425162
  },
  {
    "id": "eeaa338e-be1a-48f9-a4ba-43708d3d17a5",
    "data": [
      {
        "text": "simple",
        "alias": "line-chart-styles",
        "meta": "@bar-chart-styles",
        "userDefined": false
      }
    ],
    "isTemplate": false,
    "count": 0,
    "updated": 1518425162
  },
  {
    "id": "44ce4c4e-69ea-49a4-b72d-369cf7ed88a8",
    "data": [
      {
        "text": "basuc",
        "alias": "line-chart-styles",
        "meta": "@bar-chart-styles",
        "userDefined": false
      }
    ],
    "isTemplate": false,
    "count": 0,
    "updated": 1518425162
  },
  {
    "id": "3f68bb78-dc97-4bd6-93ef-dee621dfc326",
    "data": [
      {
        "text": "basic",
        "alias": "line-chart-styles",
        "meta": "@bar-chart-styles",
        "userDefined": false
      }
    ],
    "isTemplate": false,
    "count": 0,
    "updated": 1518425162
  },
  {
    "id": "e7c8b336-230e-430f-a22c-8f2564d1f8da",
    "data": [
      {
        "text": "basi",
        "alias": "line-chart-styles",
        "meta": "@bar-chart-styles",
        "userDefined": false
      }
    ],
    "isTemplate": false,
    "count": 0,
    "updated": 1518425162
  },
  {
    "id": "94e270d8-58ae-4dcb-8512-3891c7c57678",
    "data": [
      {
        "text": "basic",
        "alias": "line-chart-styles",
        "meta": "@bar-chart-styles",
        "userDefined": false
      },
      {
        "text": " style please",
        "userDefined": false
      }
    ],
    "isTemplate": false,
    "count": 0,
    "updated": 1518425162
  },
  {
    "id": "4c30e6aa-60ba-4916-9434-d3be0213b264",
    "data": [
      {
        "text": "basoc",
        "alias": "line-chart-styles",
        "meta": "@bar-chart-styles",
        "userDefined": false
      }
    ],
    "isTemplate": false,
    "count": 0,
    "updated": 1518425162
  }
]