[
  {
    "id": "944c393a-ce04-42a8-92d9-518531884647",
    "data": [
      {
        "text": "stacked",
        "alias": "line-chart-styles",
        "meta": "@bar-chart-styles",
        "userDefined": false
      },
      {
        "text": " ",
        "userDefined": false
      },
      {
        "text": "line",
        "meta": "@sys.ignore",
        "userDefined": false
      }
    ],
    "isTemplate": false,
    "count": 0,
    "updated": 1518425565
  },
  {
    "id": "b816c3b0-67b0-4b20-8cfa-84d3a8e69cb2",
    "data": [
      {
        "text": "stacked",
        "alias": "line-chart-styles",
        "meta": "@bar-chart-styles",
        "userDefined": false
      }
    ],
    "isTemplate": false,
    "count": 0,
    "updated": 1518425565
  }
]