[
  {
    "id": "47160d2f-9421-4d4d-8013-2eba44fcc667",
    "data": [
      {
        "text": "ready",
        "userDefined": false
      }
    ],
    "isTemplate": false,
    "count": 0,
    "updated": 1518427073
  },
  {
    "id": "05796bb5-07aa-424c-bf31-9e727b747955",
    "data": [
      {
        "text": "yes",
        "userDefined": false
      }
    ],
    "isTemplate": false,
    "count": 0,
    "updated": 1518427073
  },
  {
    "id": "1d6b0436-c143-41a8-b07a-b57716fa1804",
    "data": [
      {
        "text": "draw chart",
        "userDefined": false
      }
    ],
    "isTemplate": false,
    "count": 0,
    "updated": 1518427073
  },
  {
    "id": "12a3d37a-2a83-4ff5-8ed7-982cd7753664",
    "data": [
      {
        "text": "no more",
        "userDefined": false
      }
    ],
    "isTemplate": false,
    "count": 0,
    "updated": 1518427073
  },
  {
    "id": "74dcd55e-eabc-4ad4-9b8e-0160a547726e",
    "data": [
      {
        "text": "plot chart",
        "userDefined": false
      }
    ],
    "isTemplate": false,
    "count": 0,
    "updated": 1518427073
  },
  {
    "id": "053aa436-34a1-42ce-939c-5f5186c4b10e",
    "data": [
      {
        "text": "correct",
        "userDefined": false
      }
    ],
    "isTemplate": false,
    "count": 1,
    "updated": 1518427073
  },
  {
    "id": "eb62d1cd-e106-4995-825c-9e50a5f0d1cd",
    "data": [
      {
        "text": "make plot",
        "userDefined": false
      }
    ],
    "isTemplate": false,
    "count": 0,
    "updated": 1518427073
  },
  {
    "id": "2439db73-d7b8-4c2f-807a-350acbae3217",
    "data": [
      {
        "text": "draw it",
        "userDefined": false
      }
    ],
    "isTemplate": false,
    "count": 0,
    "updated": 1518427073
  },
  {
    "id": "70d49208-175c-4030-af7b-c19a0d2bb95e",
    "data": [
      {
        "text": "that is all",
        "userDefined": false
      }
    ],
    "isTemplate": false,
    "count": 0,
    "updated": 1518427073
  },
  {
    "id": "7bf07343-0c76-48f6-9299-bdbfb0c7087e",
    "data": [
      {
        "text": "plot",
        "userDefined": false
      }
    ],
    "isTemplate": false,
    "count": 0,
    "updated": 1518427073
  },
  {
    "id": "a3a43788-9979-467c-97bc-a109df7d0b21",
    "data": [
      {
        "text": "done",
        "userDefined": false
      }
    ],
    "isTemplate": false,
    "count": 0,
    "updated": 1518427073
  },
  {
    "id": "120c366b-c568-477a-8496-f5840f53993c",
    "data": [
      {
        "text": "quite right",
        "userDefined": false
      }
    ],
    "isTemplate": false,
    "count": 0,
    "updated": 1518427073
  },
  {
    "id": "b0ff6c6b-20f3-4190-981b-902b0cbdbc4a",
    "data": [
      {
        "text": "that\u0027s ok",
        "userDefined": false
      }
    ],
    "isTemplate": false,
    "count": 0,
    "updated": 1518427073
  },
  {
    "id": "2a973489-d8ed-4a31-b14e-22bf7c6d329b",
    "data": [
      {
        "text": "draw plot",
        "userDefined": false
      }
    ],
    "isTemplate": false,
    "count": 0,
    "updated": 1518427073
  },
  {
    "id": "e81af540-6676-4448-a821-70c4cff48fe8",
    "data": [
      {
        "text": "sufficient",
        "userDefined": false
      }
    ],
    "isTemplate": false,
    "count": 0,
    "updated": 1518427073
  },
  {
    "id": "083ebc11-c41f-4373-b3dc-8773ecff8b73",
    "data": [
      {
        "text": "plot it",
        "userDefined": false
      }
    ],
    "isTemplate": false,
    "count": 0,
    "updated": 1518427073
  },
  {
    "id": "c1e01d92-cecc-4dbb-a5b3-b1e9d60e3e12",
    "data": [
      {
        "text": "that\u0027s enough",
        "userDefined": false
      }
    ],
    "isTemplate": false,
    "count": 0,
    "updated": 1518427073
  },
  {
    "id": "b882377b-9621-43dc-af98-49eeb77b365a",
    "data": [
      {
        "text": "ok",
        "userDefined": false
      }
    ],
    "isTemplate": false,
    "count": 0,
    "updated": 1518427073
  },
  {
    "id": "bd9f97c1-2391-492c-8141-d8dafced3044",
    "data": [
      {
        "text": "draw",
        "userDefined": false
      }
    ],
    "isTemplate": false,
    "count": 0,
    "updated": 1518427073
  },
  {
    "id": "fe89abe5-ddf5-4201-8f7d-28afde51a46d",
    "data": [
      {
        "text": "that\u0027s all",
        "userDefined": false
      }
    ],
    "isTemplate": false,
    "count": 0,
    "updated": 1518427073
  },
  {
    "id": "42211595-5eed-4756-8c11-77cde0167dee",
    "data": [
      {
        "text": "make chart",
        "userDefined": false
      }
    ],
    "isTemplate": false,
    "count": 0,
    "updated": 1518427073
  },
  {
    "id": "6d1f7e27-45e4-4077-8139-f4e866bd7f1a",
    "data": [
      {
        "text": " let\u0027s go",
        "userDefined": false
      }
    ],
    "isTemplate": false,
    "count": 0,
    "updated": 1518427073
  },
  {
    "id": "533384c3-3e2d-473b-a500-637b86442293",
    "data": [
      {
        "text": "enough",
        "userDefined": false
      }
    ],
    "isTemplate": false,
    "count": 0,
    "updated": 1518427073
  },
  {
    "id": "381c5304-4fd5-42ca-ae8d-8ff1157c911d",
    "data": [
      {
        "text": "chart",
        "userDefined": false
      }
    ],
    "isTemplate": false,
    "count": 0,
    "updated": 1518427073
  },
  {
    "id": "5a59e7e0-26fc-4fbf-8e37-e1e35385a050",
    "data": [
      {
        "text": "go",
        "userDefined": false
      }
    ],
    "isTemplate": false,
    "count": 0,
    "updated": 1518427073
  },
  {
    "id": "5c2c799b-c3e7-4d3b-b47c-9b90a6b06f23",
    "data": [
      {
        "text": "make",
        "userDefined": false
      }
    ],
    "isTemplate": false,
    "count": 0,
    "updated": 1518427073
  },
  {
    "id": "c7de4d8d-2ea7-4a8c-a692-e36e3483597c",
    "data": [
      {
        "text": "right",
        "userDefined": false
      }
    ],
    "isTemplate": false,
    "count": 0,
    "updated": 1518427073
  }
]