[
  {
    "id": "3d0cba92-8868-4a0a-8fa7-4f8e78ba7356",
    "data": [
      {
        "text": "line graphics",
        "alias": "chart-types",
        "meta": "@chart-types",
        "userDefined": false
      }
    ],
    "isTemplate": false,
    "count": 0,
    "updated": 1518424913
  },
  {
    "id": "f7497eab-21ed-4311-af75-c241ea95460a",
    "data": [
      {
        "text": "curve plot",
        "alias": "chart-types",
        "meta": "@chart-types",
        "userDefined": false
      }
    ],
    "isTemplate": false,
    "count": 0,
    "updated": 1518424913
  },
  {
    "id": "544df36c-9012-4722-bb29-faf885134be9",
    "data": [
      {
        "text": "line chart",
        "alias": "chart-types",
        "meta": "@chart-types",
        "userDefined": false
      }
    ],
    "isTemplate": false,
    "count": 0,
    "updated": 1518424913
  },
  {
    "id": "391fcf09-66bf-477f-9777-7db3b5dee31e",
    "data": [
      {
        "text": "linear plot",
        "userDefined": false
      }
    ],
    "isTemplate": false,
    "count": 0,
    "updated": 1518424913
  },
  {
    "id": "c033964e-f0dd-4683-a060-b1f7d853c9cd",
    "data": [
      {
        "text": "line",
        "alias": "chart-types",
        "meta": "@chart-types",
        "userDefined": false
      }
    ],
    "isTemplate": false,
    "count": 0,
    "updated": 1518424913
  },
  {
    "id": "feeef860-757a-4e76-9951-8ba84212f292",
    "data": [
      {
        "text": "linear schedule",
        "alias": "chart-types",
        "meta": "@chart-types",
        "userDefined": false
      }
    ],
    "isTemplate": false,
    "count": 0,
    "updated": 1518424913
  },
  {
    "id": "fed65d43-5015-4b45-bcba-a5e0ac0d5aa1",
    "data": [
      {
        "text": "line diagram",
        "alias": "chart-types",
        "meta": "@chart-types",
        "userDefined": false
      }
    ],
    "isTemplate": false,
    "count": 0,
    "updated": 1518424913
  },
  {
    "id": "26e6f4cf-7985-42a3-abc1-1f8f27b1a39b",
    "data": [
      {
        "text": "line graph",
        "alias": "chart-types",
        "meta": "@chart-types",
        "userDefined": false
      }
    ],
    "isTemplate": false,
    "count": 0,
    "updated": 1518424913
  },
  {
    "id": "17fdd8ae-1856-49b1-8ba4-56e827988310",
    "data": [
      {
        "text": "linear",
        "userDefined": false
      }
    ],
    "isTemplate": false,
    "count": 0,
    "updated": 1518424913
  },
  {
    "id": "db083300-0d67-4757-ad84-11fa05da92f3",
    "data": [
      {
        "text": "line drawing",
        "alias": "chart-types",
        "meta": "@chart-types",
        "userDefined": false
      }
    ],
    "isTemplate": false,
    "count": 0,
    "updated": 1518424913
  },
  {
    "id": "3767f4b0-bbf6-479d-ba5b-b02651a1a42a",
    "data": [
      {
        "text": "curve chart",
        "alias": "chart-types",
        "meta": "@chart-types",
        "userDefined": false
      }
    ],
    "isTemplate": false,
    "count": 0,
    "updated": 1518424913
  },
  {
    "id": "5300d820-33bd-40c3-bc80-64182de15ef7",
    "data": [
      {
        "text": "linear chart",
        "alias": "chart-types",
        "meta": "@chart-types",
        "userDefined": false
      }
    ],
    "isTemplate": false,
    "count": 1,
    "updated": 1518424913
  },
  {
    "id": "feeea177-ecdd-4f53-a805-325b4c002fa9",
    "data": [
      {
        "text": "line plot",
        "alias": "chart-types",
        "meta": "@chart-types",
        "userDefined": false
      }
    ],
    "isTemplate": false,
    "count": 0,
    "updated": 1518424913
  }
]