[
  {
    "id": "75a01001-9741-48e5-9374-afe483a52fa7",
    "data": [
      {
        "text": "line graphics",
        "alias": "chart-types",
        "meta": "@chart-types",
        "userDefined": false
      }
    ],
    "isTemplate": false,
    "count": 0,
    "updated": 1518424913
  },
  {
    "id": "14b430dd-8d9d-475e-a476-5f87543b21d5",
    "data": [
      {
        "text": "curve plot",
        "alias": "chart-types",
        "meta": "@chart-types",
        "userDefined": false
      }
    ],
    "isTemplate": false,
    "count": 0,
    "updated": 1518424913
  },
  {
    "id": "0b7db858-c338-4d25-b835-e212e00340da",
    "data": [
      {
        "text": "line chart",
        "alias": "chart-types",
        "meta": "@chart-types",
        "userDefined": false
      }
    ],
    "isTemplate": false,
    "count": 0,
    "updated": 1518424913
  },
  {
    "id": "5d4d7329-3aa1-40b7-96be-d0b2f528766d",
    "data": [
      {
        "text": "linear plot",
        "userDefined": false
      }
    ],
    "isTemplate": false,
    "count": 0,
    "updated": 1518424913
  },
  {
    "id": "4e25606d-8578-4cae-9735-f5a1c1f4a107",
    "data": [
      {
        "text": "line",
        "alias": "chart-types",
        "meta": "@chart-types",
        "userDefined": false
      }
    ],
    "isTemplate": false,
    "count": 0,
    "updated": 1518424913
  },
  {
    "id": "4b4e97e9-16c4-4a11-b645-561b4f669a2e",
    "data": [
      {
        "text": "linear schedule",
        "alias": "chart-types",
        "meta": "@chart-types",
        "userDefined": false
      }
    ],
    "isTemplate": false,
    "count": 0,
    "updated": 1518424913
  },
  {
    "id": "3dd6ff5e-27a9-4663-8dc5-3a1e33c1d3c3",
    "data": [
      {
        "text": "line diagram",
        "alias": "chart-types",
        "meta": "@chart-types",
        "userDefined": false
      }
    ],
    "isTemplate": false,
    "count": 0,
    "updated": 1518424913
  },
  {
    "id": "bd436e9e-d2c4-454e-92a0-0a0a873173d6",
    "data": [
      {
        "text": "line graph",
        "alias": "chart-types",
        "meta": "@chart-types",
        "userDefined": false
      }
    ],
    "isTemplate": false,
    "count": 0,
    "updated": 1518424913
  },
  {
    "id": "7e145752-7219-4254-b18b-3dfd6e59c0b8",
    "data": [
      {
        "text": "linear",
        "userDefined": false
      }
    ],
    "isTemplate": false,
    "count": 0,
    "updated": 1518424913
  },
  {
    "id": "b52d0ba0-ee1b-4fd1-949a-834cf98ab148",
    "data": [
      {
        "text": "line drawing",
        "alias": "chart-types",
        "meta": "@chart-types",
        "userDefined": false
      }
    ],
    "isTemplate": false,
    "count": 0,
    "updated": 1518424913
  },
  {
    "id": "706e3a1b-5110-4ae0-9a19-c63600c9128f",
    "data": [
      {
        "text": "curve chart",
        "alias": "chart-types",
        "meta": "@chart-types",
        "userDefined": false
      }
    ],
    "isTemplate": false,
    "count": 0,
    "updated": 1518424913
  },
  {
    "id": "5ffc4475-5682-491d-9c37-ebe654c186a0",
    "data": [
      {
        "text": "linear chart",
        "alias": "chart-types",
        "meta": "@chart-types",
        "userDefined": false
      }
    ],
    "isTemplate": false,
    "count": 1,
    "updated": 1518424913
  },
  {
    "id": "8e5b2226-6d0a-4eaa-9f9c-4141634502aa",
    "data": [
      {
        "text": "line plot",
        "alias": "chart-types",
        "meta": "@chart-types",
        "userDefined": false
      }
    ],
    "isTemplate": false,
    "count": 0,
    "updated": 1518424913
  }
]