[
  {
    "id": "37b8d34e-8ebf-4228-91e9-1ecb247dba20",
    "data": [
      {
        "text": "basic",
        "alias": "line-chart-styles",
        "meta": "@bar-chart-styles",
        "userDefined": false
      },
      {
        "text": " ",
        "userDefined": false
      },
      {
        "text": "line chart",
        "alias": "chart-types",
        "meta": "@chart-types",
        "userDefined": false
      }
    ],
    "isTemplate": false,
    "count": 0,
    "updated": 1518425162
  },
  {
    "id": "26ee334c-3fa0-49d6-8059-8220ee375082",
    "data": [
      {
        "text": "basic",
        "alias": "line-chart-styles",
        "meta": "@bar-chart-styles",
        "userDefined": false
      },
      {
        "text": " style",
        "userDefined": false
      }
    ],
    "isTemplate": false,
    "count": 0,
    "updated": 1518425162
  },
  {
    "id": "38f48d82-27e3-4d8c-993d-c40c2e5c8894",
    "data": [
      {
        "text": "ordinary",
        "alias": "line-chart-styles",
        "meta": "@bar-chart-styles",
        "userDefined": false
      }
    ],
    "isTemplate": false,
    "count": 0,
    "updated": 1518425162
  },
  {
    "id": "66208bd7-b501-4f49-bd24-a0e3549f8f10",
    "data": [
      {
        "text": "usual",
        "alias": "line-chart-styles",
        "meta": "@bar-chart-styles",
        "userDefined": false
      }
    ],
    "isTemplate": false,
    "count": 0,
    "updated": 1518425162
  },
  {
    "id": "3aea4669-ef5e-4d2c-b4d1-e4f0b1880ae3",
    "data": [
      {
        "text": "simple",
        "alias": "line-chart-styles",
        "meta": "@bar-chart-styles",
        "userDefined": false
      }
    ],
    "isTemplate": false,
    "count": 0,
    "updated": 1518425162
  },
  {
    "id": "34391685-90d8-433e-846d-2fbbd94e4596",
    "data": [
      {
        "text": "basuc",
        "alias": "line-chart-styles",
        "meta": "@bar-chart-styles",
        "userDefined": false
      }
    ],
    "isTemplate": false,
    "count": 0,
    "updated": 1518425162
  },
  {
    "id": "21fb3cc2-1796-4e04-8586-5749e2c3ec51",
    "data": [
      {
        "text": "basic",
        "alias": "line-chart-styles",
        "meta": "@bar-chart-styles",
        "userDefined": false
      }
    ],
    "isTemplate": false,
    "count": 0,
    "updated": 1518425162
  },
  {
    "id": "44e34827-1817-458a-a4bf-8792f322b329",
    "data": [
      {
        "text": "basi",
        "alias": "line-chart-styles",
        "meta": "@bar-chart-styles",
        "userDefined": false
      }
    ],
    "isTemplate": false,
    "count": 0,
    "updated": 1518425162
  },
  {
    "id": "975aadb8-748f-4c5b-9b57-5e90a65066b0",
    "data": [
      {
        "text": "basic",
        "alias": "line-chart-styles",
        "meta": "@bar-chart-styles",
        "userDefined": false
      },
      {
        "text": " style please",
        "userDefined": false
      }
    ],
    "isTemplate": false,
    "count": 0,
    "updated": 1518425162
  },
  {
    "id": "bdb90557-b731-453d-b0cc-5baabe6b9060",
    "data": [
      {
        "text": "basoc",
        "alias": "line-chart-styles",
        "meta": "@bar-chart-styles",
        "userDefined": false
      }
    ],
    "isTemplate": false,
    "count": 0,
    "updated": 1518425162
  }
]