[
  {
    "id": "83d7538c-7652-4b96-8494-9d64c3ba1025",
    "data": [
      {
        "text": "basic",
        "alias": "line-chart-styles",
        "meta": "@bar-chart-styles",
        "userDefined": false
      },
      {
        "text": " ",
        "userDefined": false
      },
      {
        "text": "line chart",
        "alias": "chart-types",
        "meta": "@chart-types",
        "userDefined": false
      }
    ],
    "isTemplate": false,
    "count": 0,
    "updated": 1518425162
  },
  {
    "id": "f4e42cdc-442f-40ba-b722-9aeb7e4bdef3",
    "data": [
      {
        "text": "basic",
        "alias": "line-chart-styles",
        "meta": "@bar-chart-styles",
        "userDefined": false
      },
      {
        "text": " style",
        "userDefined": false
      }
    ],
    "isTemplate": false,
    "count": 0,
    "updated": 1518425162
  },
  {
    "id": "1f8a949a-a1f5-47ba-969f-81d067846276",
    "data": [
      {
        "text": "ordinary",
        "alias": "line-chart-styles",
        "meta": "@bar-chart-styles",
        "userDefined": false
      }
    ],
    "isTemplate": false,
    "count": 0,
    "updated": 1518425162
  },
  {
    "id": "5bc15b20-eaf2-4d96-98f7-1fa19d0bdaa2",
    "data": [
      {
        "text": "usual",
        "alias": "line-chart-styles",
        "meta": "@bar-chart-styles",
        "userDefined": false
      }
    ],
    "isTemplate": false,
    "count": 0,
    "updated": 1518425162
  },
  {
    "id": "127527a9-f8a7-4350-9c7f-b9044b1bbb8c",
    "data": [
      {
        "text": "simple",
        "alias": "line-chart-styles",
        "meta": "@bar-chart-styles",
        "userDefined": false
      }
    ],
    "isTemplate": false,
    "count": 0,
    "updated": 1518425162
  },
  {
    "id": "8c43db66-cb0b-48c4-b0d5-3d1f3e71cdd3",
    "data": [
      {
        "text": "basuc",
        "alias": "line-chart-styles",
        "meta": "@bar-chart-styles",
        "userDefined": false
      }
    ],
    "isTemplate": false,
    "count": 0,
    "updated": 1518425162
  },
  {
    "id": "cd524d05-b995-41a6-bfae-1399548e80ce",
    "data": [
      {
        "text": "basic",
        "alias": "line-chart-styles",
        "meta": "@bar-chart-styles",
        "userDefined": false
      }
    ],
    "isTemplate": false,
    "count": 0,
    "updated": 1518425162
  },
  {
    "id": "c42b7a54-8605-4759-a3b2-01a7b194e0d6",
    "data": [
      {
        "text": "basi",
        "alias": "line-chart-styles",
        "meta": "@bar-chart-styles",
        "userDefined": false
      }
    ],
    "isTemplate": false,
    "count": 0,
    "updated": 1518425162
  },
  {
    "id": "8f724360-b79d-40dd-b2a0-08e8b29d93d7",
    "data": [
      {
        "text": "basic",
        "alias": "line-chart-styles",
        "meta": "@bar-chart-styles",
        "userDefined": false
      },
      {
        "text": " style please",
        "userDefined": false
      }
    ],
    "isTemplate": false,
    "count": 0,
    "updated": 1518425162
  },
  {
    "id": "3466591a-ead7-4e40-99a8-f5b4927a77f8",
    "data": [
      {
        "text": "basoc",
        "alias": "line-chart-styles",
        "meta": "@bar-chart-styles",
        "userDefined": false
      }
    ],
    "isTemplate": false,
    "count": 0,
    "updated": 1518425162
  }
]