[
  {
    "id": "b3022828-25f3-4e64-b76c-4763f2ec9eb5",
    "data": [
      {
        "text": "line graphics",
        "alias": "chart-types",
        "meta": "@chart-types",
        "userDefined": false
      }
    ],
    "isTemplate": false,
    "count": 0,
    "updated": 1520840815
  },
  {
    "id": "cbc2d8b1-9903-46e3-84dd-e2e772a10b58",
    "data": [
      {
        "text": "curve plot",
        "alias": "chart-types",
        "meta": "@chart-types",
        "userDefined": false
      }
    ],
    "isTemplate": false,
    "count": 0,
    "updated": 1520840815
  },
  {
    "id": "52467a9c-29b1-41f7-9503-119c6dcdf475",
    "data": [
      {
        "text": "line chart",
        "alias": "chart-types",
        "meta": "@chart-types",
        "userDefined": false
      }
    ],
    "isTemplate": false,
    "count": 0,
    "updated": 1520840815
  },
  {
    "id": "fc81990b-2be1-4518-ba5c-e64f6d21b643",
    "data": [
      {
        "text": "linear plot",
        "userDefined": false
      }
    ],
    "isTemplate": false,
    "count": 0,
    "updated": 1520840815
  },
  {
    "id": "018f395f-7cf3-43d0-bfa2-1048ee5d1949",
    "data": [
      {
        "text": "line",
        "alias": "chart-types",
        "meta": "@chart-types",
        "userDefined": false
      }
    ],
    "isTemplate": false,
    "count": 0,
    "updated": 1520840815
  },
  {
    "id": "139a9baf-feeb-4e51-a972-47288f8021b2",
    "data": [
      {
        "text": "linear schedule",
        "alias": "chart-types",
        "meta": "@chart-types",
        "userDefined": false
      }
    ],
    "isTemplate": false,
    "count": 0,
    "updated": 1520840815
  },
  {
    "id": "4bafcfd9-29c1-49c4-98f6-8748747e2a8a",
    "data": [
      {
        "text": "line diagram",
        "alias": "chart-types",
        "meta": "@chart-types",
        "userDefined": false
      }
    ],
    "isTemplate": false,
    "count": 0,
    "updated": 1520840815
  },
  {
    "id": "f62237f7-837b-40db-8d35-10d001907eb8",
    "data": [
      {
        "text": "line graph",
        "alias": "chart-types",
        "meta": "@chart-types",
        "userDefined": false
      }
    ],
    "isTemplate": false,
    "count": 0,
    "updated": 1520840815
  },
  {
    "id": "fbded821-f4be-4b4c-9554-739bad0c7574",
    "data": [
      {
        "text": "linear",
        "userDefined": false
      }
    ],
    "isTemplate": false,
    "count": 0,
    "updated": 1520840815
  },
  {
    "id": "f1414332-0c84-4ffe-a443-e5231eab169c",
    "data": [
      {
        "text": "line drawing",
        "alias": "chart-types",
        "meta": "@chart-types",
        "userDefined": false
      }
    ],
    "isTemplate": false,
    "count": 0,
    "updated": 1520840815
  },
  {
    "id": "0fdbdd26-dcf8-40fb-985e-fad2aca2c43e",
    "data": [
      {
        "text": "curve chart",
        "alias": "chart-types",
        "meta": "@chart-types",
        "userDefined": false
      }
    ],
    "isTemplate": false,
    "count": 0,
    "updated": 1520840815
  },
  {
    "id": "78cde593-403d-48a0-ac7c-d3cda8343948",
    "data": [
      {
        "text": "linear chart",
        "alias": "chart-types",
        "meta": "@chart-types",
        "userDefined": false
      }
    ],
    "isTemplate": false,
    "count": 1,
    "updated": 1520840815
  },
  {
    "id": "eafabc0a-49c9-4b78-87f8-e5674b8131c6",
    "data": [
      {
        "text": "line plot",
        "alias": "chart-types",
        "meta": "@chart-types",
        "userDefined": false
      }
    ],
    "isTemplate": false,
    "count": 0,
    "updated": 1520840815
  }
]