[
  {
    "id": "fb9e260f-6081-44a2-bdd2-d42ee76aaba4",
    "data": [
      {
        "text": "horizontal",
        "alias": "line-chart-styles",
        "meta": "@bar-chart-styles",
        "userDefined": false
      }
    ],
    "isTemplate": false,
    "count": 0,
    "updated": 1518425318
  },
  {
    "id": "c6444a0d-a783-47ed-994d-2eb5ef5705a6",
    "data": [
      {
        "text": "horizontal",
        "alias": "line-chart-styles",
        "meta": "@bar-chart-styles",
        "userDefined": false
      },
      {
        "text": " ",
        "userDefined": false
      },
      {
        "text": "line chart",
        "alias": "chart-types",
        "meta": "@chart-types",
        "userDefined": false
      }
    ],
    "isTemplate": false,
    "count": 0,
    "updated": 1518425318
  },
  {
    "id": "44d80b9c-33d5-4ec6-83bb-f4a5ef0c3a40",
    "data": [
      {
        "text": "horiz",
        "alias": "line-chart-styles",
        "meta": "@bar-chart-styles",
        "userDefined": false
      }
    ],
    "isTemplate": false,
    "count": 0,
    "updated": 1518425318
  },
  {
    "id": "bda30524-8abc-4cd2-a852-0be747d0324e",
    "data": [
      {
        "text": "horisontal",
        "alias": "line-chart-styles",
        "meta": "@bar-chart-styles",
        "userDefined": false
      }
    ],
    "isTemplate": false,
    "count": 0,
    "updated": 1518425318
  }
]