[
  {
    "id": "a969bd11-78fe-48c0-bfa2-1145c7a7fbf4",
    "data": [
      {
        "text": "no thank you",
        "userDefined": false
      }
    ],
    "isTemplate": false,
    "count": 0,
    "updated": 1518172217
  },
  {
    "id": "8b171de4-140e-477f-8b35-674489f5c1e5",
    "data": [
      {
        "text": "nope",
        "userDefined": false
      }
    ],
    "isTemplate": false,
    "count": 0,
    "updated": 1518172217
  },
  {
    "id": "4b202539-09d2-44ba-a074-a3ba55e84c4b",
    "data": [
      {
        "text": "not ",
        "userDefined": false
      },
      {
        "text": "today",
        "alias": "date",
        "meta": "@sys.date",
        "userDefined": false
      }
    ],
    "isTemplate": false,
    "count": 0,
    "updated": 1518172217
  },
  {
    "id": "7ddfc120-9172-4dd3-9b41-33e98139f026",
    "data": [
      {
        "text": "no",
        "userDefined": false
      }
    ],
    "isTemplate": false,
    "count": 0,
    "updated": 1518172217
  }
]