[
  {
    "id": "a9fcb79b-e34e-47ab-9335-d6adf9fcfc77",
    "data": [
      {
        "text": "bubble map",
        "alias": "chart-types",
        "meta": "@chart-types",
        "userDefined": false
      }
    ],
    "isTemplate": false,
    "count": 0,
    "updated": 1518433285
  },
  {
    "id": "ba417250-9fbe-4cc1-9557-7ae4a9a3516c",
    "data": [
      {
        "text": "circular diagram",
        "alias": "chart-types",
        "meta": "@chart-types",
        "userDefined": false
      }
    ],
    "isTemplate": false,
    "count": 0,
    "updated": 1518433285
  },
  {
    "id": "15ab5dd2-0ebb-44c3-87b1-01d38b033cd2",
    "data": [
      {
        "text": "piechart",
        "alias": "chart-types",
        "meta": "@chart-types",
        "userDefined": false
      }
    ],
    "isTemplate": false,
    "count": 0,
    "updated": 1518433285
  },
  {
    "id": "c7bab763-6585-41c1-9ce8-b6d7f38a0ec8",
    "data": [
      {
        "text": "disc chart",
        "alias": "chart-types",
        "meta": "@chart-types",
        "userDefined": false
      }
    ],
    "isTemplate": false,
    "count": 0,
    "updated": 1518433285
  },
  {
    "id": "7be69818-caf4-4cb7-a2dc-5576e668a187",
    "data": [
      {
        "text": "circular chart",
        "alias": "chart-types",
        "meta": "@chart-types",
        "userDefined": false
      }
    ],
    "isTemplate": false,
    "count": 0,
    "updated": 1518433285
  },
  {
    "id": "2e66c731-23a8-414b-82dc-5c8092785d6e",
    "data": [
      {
        "text": "sector diagram",
        "alias": "chart-types",
        "meta": "@chart-types",
        "userDefined": false
      }
    ],
    "isTemplate": false,
    "count": 10,
    "updated": 1518433285
  },
  {
    "id": "dbc3777e-1003-4c91-8d5f-008e56f6efef",
    "data": [
      {
        "text": "round chart",
        "alias": "chart-types",
        "meta": "@chart-types",
        "userDefined": false
      }
    ],
    "isTemplate": false,
    "count": 0,
    "updated": 1518433285
  },
  {
    "id": "550d3229-9ceb-4f9b-92e6-abd216da5660",
    "data": [
      {
        "text": "pie diagram",
        "alias": "chart-types",
        "meta": "@chart-types",
        "userDefined": false
      }
    ],
    "isTemplate": false,
    "count": 0,
    "updated": 1518433285
  },
  {
    "id": "037ce876-36a3-4606-b8e9-5de81e86c7f8",
    "data": [
      {
        "text": "pie chart",
        "alias": "chart-types",
        "meta": "@chart-types",
        "userDefined": false
      }
    ],
    "isTemplate": false,
    "count": 0,
    "updated": 1518433285
  },
  {
    "id": "3e09da40-0298-45a2-b20b-6fea77b9d3cc",
    "data": [
      {
        "text": "circle chart",
        "alias": "chart-types",
        "meta": "@chart-types",
        "userDefined": false
      }
    ],
    "isTemplate": false,
    "count": 0,
    "updated": 1518433285
  },
  {
    "id": "53203c12-c2c8-4336-8f19-37735ed3a28e",
    "data": [
      {
        "text": "pie graph",
        "alias": "chart-types",
        "meta": "@chart-types",
        "userDefined": false
      }
    ],
    "isTemplate": false,
    "count": 0,
    "updated": 1518433285
  },
  {
    "id": "d5c81fb8-a00f-4c10-83b9-0aa83aa1e67c",
    "data": [
      {
        "text": "pie",
        "alias": "chart-types",
        "meta": "@chart-types",
        "userDefined": false
      }
    ],
    "isTemplate": false,
    "count": 0,
    "updated": 1518433285
  },
  {
    "id": "57454aa7-41d7-4097-a4f8-70b113de6523",
    "data": [
      {
        "text": "circle graph",
        "alias": "chart-types",
        "meta": "@chart-types",
        "userDefined": false
      }
    ],
    "isTemplate": false,
    "count": 0,
    "updated": 1518433285
  },
  {
    "id": "03e332e1-c758-481f-b812-81dafa4ebc6d",
    "data": [
      {
        "text": "eye chart",
        "alias": "chart-types",
        "meta": "@chart-types",
        "userDefined": false
      }
    ],
    "isTemplate": false,
    "count": 0,
    "updated": 1518433285
  }
]