[
  {
    "id": "54518b17-19dc-44e6-82fd-b8719eca406a",
    "data": [
      {
        "text": "semicircle",
        "alias": "pie-chart-styles",
        "meta": "@pie-chart-styles",
        "userDefined": false
      }
    ],
    "isTemplate": false,
    "count": 0,
    "updated": 1518434399
  },
  {
    "id": "dbd26d3f-ad32-4aff-a192-cc4663466b06",
    "data": [
      {
        "text": "hemicycle",
        "alias": "pie-chart-styles",
        "meta": "@pie-chart-styles",
        "userDefined": false
      }
    ],
    "isTemplate": false,
    "count": 0,
    "updated": 1518434399
  },
  {
    "id": "da4bd110-e4f6-4870-884d-df0b2a7ab068",
    "data": [
      {
        "text": "half round",
        "alias": "pie-chart-styles",
        "meta": "@pie-chart-styles",
        "userDefined": false
      }
    ],
    "isTemplate": false,
    "count": 0,
    "updated": 1518434399
  },
  {
    "id": "a0420359-459e-4f99-add1-aaf816976927",
    "data": [
      {
        "text": "half",
        "alias": "pie-chart-styles",
        "meta": "@pie-chart-styles",
        "userDefined": false
      }
    ],
    "isTemplate": false,
    "count": 0,
    "updated": 1518434399
  },
  {
    "id": "cd7029ec-3540-43ee-aae7-15ad2625c385",
    "data": [
      {
        "text": "half-disc",
        "alias": "pie-chart-styles",
        "meta": "@pie-chart-styles",
        "userDefined": false
      }
    ],
    "isTemplate": false,
    "count": 0,
    "updated": 1518434399
  },
  {
    "id": "cea4eedb-cae2-40f6-9dce-3460d4ee355e",
    "data": [
      {
        "text": "half circle",
        "alias": "pie-chart-styles",
        "meta": "@pie-chart-styles",
        "userDefined": false
      }
    ],
    "isTemplate": false,
    "count": 0,
    "updated": 1518434399
  },
  {
    "id": "586d4277-8e9f-4296-8d8d-7fa7517478b8",
    "data": [
      {
        "text": "half pie",
        "alias": "pie-chart-styles",
        "meta": "@pie-chart-styles",
        "userDefined": false
      }
    ],
    "isTemplate": false,
    "count": 0,
    "updated": 1518434399
  }
]