[
  {
    "id": "319223e4-8ef5-4142-94a1-e257d5312178",
    "data": [
      {
        "text": "ok",
        "userDefined": false
      }
    ],
    "isTemplate": false,
    "count": 0,
    "updated": 1518434821
  },
  {
    "id": "462b5f57-c006-4c8c-bb46-316bdc72518f",
    "data": [
      {
        "text": "that\u0027s ok",
        "userDefined": false
      }
    ],
    "isTemplate": false,
    "count": 0,
    "updated": 1518434821
  },
  {
    "id": "03fe78c1-0efc-46b2-9f23-256f0901b64d",
    "data": [
      {
        "text": "chart",
        "userDefined": false
      }
    ],
    "isTemplate": false,
    "count": 0,
    "updated": 1518434821
  },
  {
    "id": "cec3118e-1570-449f-9731-ef5862042267",
    "data": [
      {
        "text": "ready",
        "userDefined": false
      }
    ],
    "isTemplate": false,
    "count": 0,
    "updated": 1518434821
  },
  {
    "id": "439ef735-a0d7-462f-b817-add2d00870b0",
    "data": [
      {
        "text": "correct",
        "userDefined": false
      }
    ],
    "isTemplate": false,
    "count": 0,
    "updated": 1518434821
  },
  {
    "id": "9bbe291b-6fe3-4e94-941e-a51745b72ea1",
    "data": [
      {
        "text": "make",
        "userDefined": false
      }
    ],
    "isTemplate": false,
    "count": 0,
    "updated": 1518434821
  },
  {
    "id": "d62f36de-1bef-45df-98ee-00243f7b71de",
    "data": [
      {
        "text": "plot",
        "userDefined": false
      }
    ],
    "isTemplate": false,
    "count": 0,
    "updated": 1518434821
  },
  {
    "id": "4a2664cd-cc41-43fe-8253-c3a5efb50aca",
    "data": [
      {
        "text": "done",
        "userDefined": false
      }
    ],
    "isTemplate": false,
    "count": 0,
    "updated": 1518434821
  },
  {
    "id": "1d4b56aa-8352-4d9a-a482-fff60baa575f",
    "data": [
      {
        "text": "make plot",
        "userDefined": false
      }
    ],
    "isTemplate": false,
    "count": 0,
    "updated": 1518434821
  },
  {
    "id": "6beab3cc-d530-4b16-84dd-2572e33ee296",
    "data": [
      {
        "text": "draw plot",
        "userDefined": false
      }
    ],
    "isTemplate": false,
    "count": 0,
    "updated": 1518434821
  },
  {
    "id": "37faaf6e-fa90-4866-8a4e-99304515a235",
    "data": [
      {
        "text": "enough",
        "userDefined": false
      }
    ],
    "isTemplate": false,
    "count": 0,
    "updated": 1518434821
  },
  {
    "id": "df50b82c-b044-453a-b93d-b385f33ce53f",
    "data": [
      {
        "text": "quite right",
        "userDefined": false
      }
    ],
    "isTemplate": false,
    "count": 0,
    "updated": 1518434821
  },
  {
    "id": "f976bbd5-36b6-461a-9c2c-fb4dfc1a3e55",
    "data": [
      {
        "text": "right",
        "userDefined": false
      }
    ],
    "isTemplate": false,
    "count": 0,
    "updated": 1518434821
  },
  {
    "id": "4da577a4-4a2b-47d3-ac50-40e878819a2c",
    "data": [
      {
        "text": "plot it",
        "userDefined": false
      }
    ],
    "isTemplate": false,
    "count": 0,
    "updated": 1518434821
  },
  {
    "id": "d80facae-1f0a-4dff-84be-55c5fb5d63b2",
    "data": [
      {
        "text": "make chart",
        "userDefined": false
      }
    ],
    "isTemplate": false,
    "count": 0,
    "updated": 1518434821
  },
  {
    "id": "a43771c4-fff3-45df-809c-07411118fd6b",
    "data": [
      {
        "text": "that is all",
        "userDefined": false
      }
    ],
    "isTemplate": false,
    "count": 0,
    "updated": 1518434821
  },
  {
    "id": "a7c44e20-a9cc-4f48-b049-64c1755d2e3c",
    "data": [
      {
        "text": "go",
        "userDefined": false
      }
    ],
    "isTemplate": false,
    "count": 0,
    "updated": 1518434821
  },
  {
    "id": "f751db07-069f-44fc-ada6-9f2dae585a45",
    "data": [
      {
        "text": "draw it",
        "userDefined": false
      }
    ],
    "isTemplate": false,
    "count": 0,
    "updated": 1518434821
  },
  {
    "id": "db1be25b-f756-466f-9652-6c1f21cd0450",
    "data": [
      {
        "text": "plot chart",
        "userDefined": false
      }
    ],
    "isTemplate": false,
    "count": 0,
    "updated": 1518434821
  },
  {
    "id": "28329952-d6f2-406f-988c-9f4f4fab9391",
    "data": [
      {
        "text": "draw",
        "userDefined": false
      }
    ],
    "isTemplate": false,
    "count": 0,
    "updated": 1518434821
  },
  {
    "id": "9685850c-d3cb-437e-a804-de05458f09bd",
    "data": [
      {
        "text": "yes",
        "userDefined": false
      }
    ],
    "isTemplate": false,
    "count": 0,
    "updated": 1518434821
  },
  {
    "id": "07a78d1f-a77c-4d25-a0b1-94f8bfcea1db",
    "data": [
      {
        "text": "that\u0027s enough",
        "userDefined": false
      }
    ],
    "isTemplate": false,
    "count": 0,
    "updated": 1518434821
  },
  {
    "id": "7124fbce-41f5-456d-a385-877755d772bc",
    "data": [
      {
        "text": "draw chart",
        "userDefined": false
      }
    ],
    "isTemplate": false,
    "count": 0,
    "updated": 1518434821
  },
  {
    "id": "13696506-daf9-4622-9994-daebb32f59cf",
    "data": [
      {
        "text": "that\u0027s all",
        "userDefined": false
      }
    ],
    "isTemplate": false,
    "count": 0,
    "updated": 1518434821
  },
  {
    "id": "41da5854-dbb4-4928-8af1-966bb8c7c013",
    "data": [
      {
        "text": "no more",
        "userDefined": false
      }
    ],
    "isTemplate": false,
    "count": 0,
    "updated": 1518434821
  },
  {
    "id": "200cd571-d512-43f8-8ad9-2cb9d813bd11",
    "data": [
      {
        "text": "sufficient",
        "userDefined": false
      }
    ],
    "isTemplate": false,
    "count": 0,
    "updated": 1518434821
  },
  {
    "id": "897822d2-9da9-4dae-a0a0-dbd8211ebe5b",
    "data": [
      {
        "text": " let\u0027s go",
        "userDefined": false
      }
    ],
    "isTemplate": false,
    "count": 0,
    "updated": 1518434821
  }
]