[
  {
    "id": "df2554ce-2fb8-4a9f-8ffb-ce4142e981b4",
    "data": [
      {
        "text": "bubble map",
        "alias": "chart-types",
        "meta": "@chart-types",
        "userDefined": false
      }
    ],
    "isTemplate": false,
    "count": 0,
    "updated": 1518433285
  },
  {
    "id": "dcb91a55-57be-4559-9f29-4478a5d56913",
    "data": [
      {
        "text": "circular diagram",
        "alias": "chart-types",
        "meta": "@chart-types",
        "userDefined": false
      }
    ],
    "isTemplate": false,
    "count": 0,
    "updated": 1518433285
  },
  {
    "id": "d06f3233-6531-40c7-9c9e-6733d13ccc43",
    "data": [
      {
        "text": "piechart",
        "alias": "chart-types",
        "meta": "@chart-types",
        "userDefined": false
      }
    ],
    "isTemplate": false,
    "count": 0,
    "updated": 1518433285
  },
  {
    "id": "96817e1f-00fb-400d-b442-778b5a4756c5",
    "data": [
      {
        "text": "disc chart",
        "alias": "chart-types",
        "meta": "@chart-types",
        "userDefined": false
      }
    ],
    "isTemplate": false,
    "count": 0,
    "updated": 1518433285
  },
  {
    "id": "771f40c2-dd7c-4f5c-9fc5-a6d86b18888e",
    "data": [
      {
        "text": "circular chart",
        "alias": "chart-types",
        "meta": "@chart-types",
        "userDefined": false
      }
    ],
    "isTemplate": false,
    "count": 0,
    "updated": 1518433285
  },
  {
    "id": "9285d31d-59c4-4012-8b44-d980df4b1158",
    "data": [
      {
        "text": "sector diagram",
        "alias": "chart-types",
        "meta": "@chart-types",
        "userDefined": false
      }
    ],
    "isTemplate": false,
    "count": 10,
    "updated": 1518433285
  },
  {
    "id": "be6b762e-9052-4d8f-be93-d268fb3790d9",
    "data": [
      {
        "text": "round chart",
        "alias": "chart-types",
        "meta": "@chart-types",
        "userDefined": false
      }
    ],
    "isTemplate": false,
    "count": 0,
    "updated": 1518433285
  },
  {
    "id": "0f78cf8c-25c0-47bd-a7a9-b922df07ab1a",
    "data": [
      {
        "text": "pie diagram",
        "alias": "chart-types",
        "meta": "@chart-types",
        "userDefined": false
      }
    ],
    "isTemplate": false,
    "count": 0,
    "updated": 1518433285
  },
  {
    "id": "4cd699c7-d6b5-4f01-b090-03311fe15a0c",
    "data": [
      {
        "text": "pie chart",
        "alias": "chart-types",
        "meta": "@chart-types",
        "userDefined": false
      }
    ],
    "isTemplate": false,
    "count": 0,
    "updated": 1518433285
  },
  {
    "id": "07d06b62-a17f-40be-926c-141f2782b30e",
    "data": [
      {
        "text": "circle chart",
        "alias": "chart-types",
        "meta": "@chart-types",
        "userDefined": false
      }
    ],
    "isTemplate": false,
    "count": 0,
    "updated": 1518433285
  },
  {
    "id": "3a06013c-4857-4317-af36-188dde601806",
    "data": [
      {
        "text": "pie graph",
        "alias": "chart-types",
        "meta": "@chart-types",
        "userDefined": false
      }
    ],
    "isTemplate": false,
    "count": 0,
    "updated": 1518433285
  },
  {
    "id": "c3b00d98-2e4b-47f8-a1f7-a26f26fc4723",
    "data": [
      {
        "text": "pie",
        "alias": "chart-types",
        "meta": "@chart-types",
        "userDefined": false
      }
    ],
    "isTemplate": false,
    "count": 0,
    "updated": 1518433285
  },
  {
    "id": "93f0d134-7637-47dd-952d-e989c8f0b9c9",
    "data": [
      {
        "text": "circle graph",
        "alias": "chart-types",
        "meta": "@chart-types",
        "userDefined": false
      }
    ],
    "isTemplate": false,
    "count": 0,
    "updated": 1518433285
  },
  {
    "id": "0a502fdb-04a5-4b7c-b67e-0f9c31aae013",
    "data": [
      {
        "text": "eye chart",
        "alias": "chart-types",
        "meta": "@chart-types",
        "userDefined": false
      }
    ],
    "isTemplate": false,
    "count": 0,
    "updated": 1518433285
  }
]