[
  {
    "id": "d651f9be-b635-4d56-9588-14813af68183",
    "data": [
      {
        "text": "ok",
        "userDefined": false
      }
    ],
    "isTemplate": false,
    "count": 0,
    "updated": 1518434821
  },
  {
    "id": "33cc2474-0f31-44ad-99b5-9625c478dbf6",
    "data": [
      {
        "text": "that\u0027s ok",
        "userDefined": false
      }
    ],
    "isTemplate": false,
    "count": 0,
    "updated": 1518434821
  },
  {
    "id": "c2491742-7192-4643-a7ca-130605c71554",
    "data": [
      {
        "text": "chart",
        "userDefined": false
      }
    ],
    "isTemplate": false,
    "count": 0,
    "updated": 1518434821
  },
  {
    "id": "2fb36f7f-7d29-4668-9e56-5ee66c98c3ca",
    "data": [
      {
        "text": "ready",
        "userDefined": false
      }
    ],
    "isTemplate": false,
    "count": 0,
    "updated": 1518434821
  },
  {
    "id": "5e606773-03f8-491c-a2b7-99d8ca4bc661",
    "data": [
      {
        "text": "correct",
        "userDefined": false
      }
    ],
    "isTemplate": false,
    "count": 0,
    "updated": 1518434821
  },
  {
    "id": "aeecacf5-96dc-44d0-bb67-def5562b6ffa",
    "data": [
      {
        "text": "make",
        "userDefined": false
      }
    ],
    "isTemplate": false,
    "count": 0,
    "updated": 1518434821
  },
  {
    "id": "f79ce838-9265-438b-939b-9a5bcd49162b",
    "data": [
      {
        "text": "plot",
        "userDefined": false
      }
    ],
    "isTemplate": false,
    "count": 0,
    "updated": 1518434821
  },
  {
    "id": "e20069ef-750a-4fb0-a906-8be9363e747c",
    "data": [
      {
        "text": "done",
        "userDefined": false
      }
    ],
    "isTemplate": false,
    "count": 0,
    "updated": 1518434821
  },
  {
    "id": "af2b1b04-fda3-47d3-9d0d-c8c4ebf20510",
    "data": [
      {
        "text": "make plot",
        "userDefined": false
      }
    ],
    "isTemplate": false,
    "count": 0,
    "updated": 1518434821
  },
  {
    "id": "d70ca089-bfca-4e92-bb87-d64a28a78641",
    "data": [
      {
        "text": "draw plot",
        "userDefined": false
      }
    ],
    "isTemplate": false,
    "count": 0,
    "updated": 1518434821
  },
  {
    "id": "b668800a-43fa-4b2b-8909-532eb8d667c7",
    "data": [
      {
        "text": "enough",
        "userDefined": false
      }
    ],
    "isTemplate": false,
    "count": 0,
    "updated": 1518434821
  },
  {
    "id": "d3b1a22b-1e24-497e-9aa8-693d02352601",
    "data": [
      {
        "text": "quite right",
        "userDefined": false
      }
    ],
    "isTemplate": false,
    "count": 0,
    "updated": 1518434821
  },
  {
    "id": "1d19ae39-ce63-4911-abfe-3ca5562aec34",
    "data": [
      {
        "text": "right",
        "userDefined": false
      }
    ],
    "isTemplate": false,
    "count": 0,
    "updated": 1518434821
  },
  {
    "id": "5b3fd28c-5957-4c5c-914e-8e475ae24b93",
    "data": [
      {
        "text": "plot it",
        "userDefined": false
      }
    ],
    "isTemplate": false,
    "count": 0,
    "updated": 1518434821
  },
  {
    "id": "33d0a5ba-1158-42e4-91db-ea34903e277f",
    "data": [
      {
        "text": "make chart",
        "userDefined": false
      }
    ],
    "isTemplate": false,
    "count": 0,
    "updated": 1518434821
  },
  {
    "id": "71fe7c37-d16a-4f6b-ba85-770b73b0867a",
    "data": [
      {
        "text": "that is all",
        "userDefined": false
      }
    ],
    "isTemplate": false,
    "count": 0,
    "updated": 1518434821
  },
  {
    "id": "8ee8554d-b947-4542-9fba-c43c3848d37b",
    "data": [
      {
        "text": "go",
        "userDefined": false
      }
    ],
    "isTemplate": false,
    "count": 0,
    "updated": 1518434821
  },
  {
    "id": "2bd1dfde-a0db-4530-b913-680ea2cad9f7",
    "data": [
      {
        "text": "draw it",
        "userDefined": false
      }
    ],
    "isTemplate": false,
    "count": 0,
    "updated": 1518434821
  },
  {
    "id": "bd355ac2-cc98-4d2f-bf96-f7c1620564b8",
    "data": [
      {
        "text": "plot chart",
        "userDefined": false
      }
    ],
    "isTemplate": false,
    "count": 0,
    "updated": 1518434821
  },
  {
    "id": "ad9ae8cb-1e23-4e0c-b318-9c5722ddde4b",
    "data": [
      {
        "text": "draw",
        "userDefined": false
      }
    ],
    "isTemplate": false,
    "count": 0,
    "updated": 1518434821
  },
  {
    "id": "aabf5d38-288e-4f97-a793-81f796902321",
    "data": [
      {
        "text": "yes",
        "userDefined": false
      }
    ],
    "isTemplate": false,
    "count": 0,
    "updated": 1518434821
  },
  {
    "id": "c811cd02-18c9-48f0-9275-a932954381a6",
    "data": [
      {
        "text": "that\u0027s enough",
        "userDefined": false
      }
    ],
    "isTemplate": false,
    "count": 0,
    "updated": 1518434821
  },
  {
    "id": "9348d10f-7053-4224-b7d2-18f77dea3a03",
    "data": [
      {
        "text": "draw chart",
        "userDefined": false
      }
    ],
    "isTemplate": false,
    "count": 0,
    "updated": 1518434821
  },
  {
    "id": "05a25a6b-df6a-47ae-9409-71aa46cd8b49",
    "data": [
      {
        "text": "that\u0027s all",
        "userDefined": false
      }
    ],
    "isTemplate": false,
    "count": 0,
    "updated": 1518434821
  },
  {
    "id": "ef1e2d00-0ae5-4b1a-853f-ec244f55b6f0",
    "data": [
      {
        "text": "no more",
        "userDefined": false
      }
    ],
    "isTemplate": false,
    "count": 0,
    "updated": 1518434821
  },
  {
    "id": "3cd0bc67-9212-43e3-b3e1-ccc02b991f74",
    "data": [
      {
        "text": "sufficient",
        "userDefined": false
      }
    ],
    "isTemplate": false,
    "count": 0,
    "updated": 1518434821
  },
  {
    "id": "ee8e4e51-8b8b-4cb2-8ae0-c202484282c1",
    "data": [
      {
        "text": " let\u0027s go",
        "userDefined": false
      }
    ],
    "isTemplate": false,
    "count": 0,
    "updated": 1518434821
  }
]