[
  {
    "id": "f73b3f5d-2ba7-4551-911e-beaad046f726",
    "data": [
      {
        "text": "ordinary",
        "alias": "pie-chart-styles",
        "meta": "@pie-chart-styles",
        "userDefined": false
      }
    ],
    "isTemplate": false,
    "count": 0,
    "updated": 1518434016
  },
  {
    "id": "589719e9-aaf5-4476-9305-5cbce3fc6d63",
    "data": [
      {
        "text": "basi",
        "alias": "pie-chart-styles",
        "meta": "@pie-chart-styles",
        "userDefined": false
      }
    ],
    "isTemplate": false,
    "count": 0,
    "updated": 1518434016
  },
  {
    "id": "38ff8c25-5d6d-41d9-8bf5-13d9ecbc3bfa",
    "data": [
      {
        "text": "basic",
        "alias": "pie-chart-styles",
        "meta": "@pie-chart-styles",
        "userDefined": false
      },
      {
        "text": " style",
        "userDefined": false
      }
    ],
    "isTemplate": false,
    "count": 0,
    "updated": 1518434016
  },
  {
    "id": "6934c2c2-3210-4106-9a49-69e907c6f05b",
    "data": [
      {
        "text": "basic",
        "alias": "pie-chart-styles",
        "meta": "@pie-chart-styles",
        "userDefined": false
      }
    ],
    "isTemplate": false,
    "count": 0,
    "updated": 1518434016
  },
  {
    "id": "cd1816c7-809f-465d-9462-93b548ed8e0f",
    "data": [
      {
        "text": "I don\u0027t know",
        "userDefined": false
      }
    ],
    "isTemplate": false,
    "count": 0,
    "updated": 1518434016
  },
  {
    "id": "bfd38b55-7af4-4e92-9ba4-7e9d79b6ad78",
    "data": [
      {
        "text": "simple",
        "alias": "pie-chart-styles",
        "meta": "@pie-chart-styles",
        "userDefined": false
      }
    ],
    "isTemplate": false,
    "count": 0,
    "updated": 1518434016
  },
  {
    "id": "b9ec794f-2ea4-4628-996e-343db95f64ee",
    "data": [
      {
        "text": "basic",
        "alias": "pie-chart-styles",
        "meta": "@pie-chart-styles",
        "userDefined": false
      },
      {
        "text": " style please",
        "userDefined": false
      }
    ],
    "isTemplate": false,
    "count": 0,
    "updated": 1518434016
  },
  {
    "id": "ad4a3a93-7cfa-48c7-84d1-5c4b7839acd3",
    "data": [
      {
        "text": "basic",
        "alias": "pie-chart-styles",
        "meta": "@pie-chart-styles",
        "userDefined": false
      },
      {
        "text": " ",
        "userDefined": false
      },
      {
        "text": "pie chart",
        "meta": "@sys.ignore",
        "userDefined": false
      }
    ],
    "isTemplate": false,
    "count": 0,
    "updated": 1518434016
  },
  {
    "id": "8d5b5c06-a5ea-4ee9-9c32-8fdc1c449818",
    "data": [
      {
        "text": "usual",
        "alias": "pie-chart-styles",
        "meta": "@pie-chart-styles",
        "userDefined": false
      }
    ],
    "isTemplate": false,
    "count": 0,
    "updated": 1518434016
  },
  {
    "id": "deab6bda-1bff-41bb-bf9c-ece73d939307",
    "data": [
      {
        "text": "basoc",
        "alias": "pie-chart-styles",
        "meta": "@pie-chart-styles",
        "userDefined": false
      }
    ],
    "isTemplate": false,
    "count": 0,
    "updated": 1518434016
  }
]