[
  {
    "id": "1b4d09c9-08f2-45bf-bfb9-f44a02c993dd",
    "data": [
      {
        "text": "ordinary",
        "alias": "pie-chart-styles",
        "meta": "@pie-chart-styles",
        "userDefined": false
      }
    ],
    "isTemplate": false,
    "count": 0,
    "updated": 1518434016
  },
  {
    "id": "c144517a-18fd-4b60-8521-2f07de208691",
    "data": [
      {
        "text": "basi",
        "alias": "pie-chart-styles",
        "meta": "@pie-chart-styles",
        "userDefined": false
      }
    ],
    "isTemplate": false,
    "count": 0,
    "updated": 1518434016
  },
  {
    "id": "22c68f8a-8449-446d-b650-f957a36a63f4",
    "data": [
      {
        "text": "basic",
        "alias": "pie-chart-styles",
        "meta": "@pie-chart-styles",
        "userDefined": false
      },
      {
        "text": " style",
        "userDefined": false
      }
    ],
    "isTemplate": false,
    "count": 0,
    "updated": 1518434016
  },
  {
    "id": "18ff7882-aa71-429c-9b7b-2926072f7b3e",
    "data": [
      {
        "text": "basic",
        "alias": "pie-chart-styles",
        "meta": "@pie-chart-styles",
        "userDefined": false
      }
    ],
    "isTemplate": false,
    "count": 0,
    "updated": 1518434016
  },
  {
    "id": "7df59026-0781-4185-b0bf-0fae4bddf583",
    "data": [
      {
        "text": "I don\u0027t know",
        "userDefined": false
      }
    ],
    "isTemplate": false,
    "count": 0,
    "updated": 1518434016
  },
  {
    "id": "34b6fcd6-41bc-401f-b72d-d2f04efa7eb1",
    "data": [
      {
        "text": "simple",
        "alias": "pie-chart-styles",
        "meta": "@pie-chart-styles",
        "userDefined": false
      }
    ],
    "isTemplate": false,
    "count": 0,
    "updated": 1518434016
  },
  {
    "id": "68294d62-597a-4347-9c8b-2f4c78cac295",
    "data": [
      {
        "text": "basic",
        "alias": "pie-chart-styles",
        "meta": "@pie-chart-styles",
        "userDefined": false
      },
      {
        "text": " style please",
        "userDefined": false
      }
    ],
    "isTemplate": false,
    "count": 0,
    "updated": 1518434016
  },
  {
    "id": "74e77a04-4d90-49ad-8cd0-cfa5460312de",
    "data": [
      {
        "text": "basic",
        "alias": "pie-chart-styles",
        "meta": "@pie-chart-styles",
        "userDefined": false
      },
      {
        "text": " ",
        "userDefined": false
      },
      {
        "text": "pie chart",
        "meta": "@sys.ignore",
        "userDefined": false
      }
    ],
    "isTemplate": false,
    "count": 0,
    "updated": 1518434016
  },
  {
    "id": "ddf34bda-90e5-41e5-bd3b-09c6241c08e3",
    "data": [
      {
        "text": "usual",
        "alias": "pie-chart-styles",
        "meta": "@pie-chart-styles",
        "userDefined": false
      }
    ],
    "isTemplate": false,
    "count": 0,
    "updated": 1518434016
  },
  {
    "id": "91d4717f-5628-4ef0-9e06-538245c768a6",
    "data": [
      {
        "text": "basoc",
        "alias": "pie-chart-styles",
        "meta": "@pie-chart-styles",
        "userDefined": false
      }
    ],
    "isTemplate": false,
    "count": 0,
    "updated": 1518434016
  }
]