[
  {
    "id": "0c1856c5-b23f-43db-8617-074ed9154aef",
    "data": [
      {
        "text": "build chart",
        "userDefined": false
      }
    ],
    "isTemplate": false,
    "count": 0,
    "updated": 1519112570
  },
  {
    "id": "1440ee5b-9a0e-4d47-b18c-a28d08bc3c70",
    "data": [
      {
        "text": "ok",
        "userDefined": false
      }
    ],
    "isTemplate": false,
    "count": 0,
    "updated": 1519112570
  },
  {
    "id": "d851d1e1-df7c-4c4c-bc4f-6ff43fe74ee4",
    "data": [
      {
        "text": "that\u0027s ok",
        "userDefined": false
      }
    ],
    "isTemplate": false,
    "count": 0,
    "updated": 1519112570
  },
  {
    "id": "6ac76077-67d7-4d82-9bc3-bd12071d002f",
    "data": [
      {
        "text": "chart",
        "userDefined": false
      }
    ],
    "isTemplate": false,
    "count": 0,
    "updated": 1519112570
  },
  {
    "id": "4319fa78-d885-440a-900d-d9ac15c65786",
    "data": [
      {
        "text": "ready",
        "userDefined": false
      }
    ],
    "isTemplate": false,
    "count": 0,
    "updated": 1519112570
  },
  {
    "id": "5fcd6349-223b-4dbb-aee3-0a82c79c7c4a",
    "data": [
      {
        "text": "correct",
        "userDefined": false
      }
    ],
    "isTemplate": false,
    "count": 0,
    "updated": 1519112570
  },
  {
    "id": "a1623124-d307-400b-b56a-dd79ccf93800",
    "data": [
      {
        "text": "make",
        "userDefined": false
      }
    ],
    "isTemplate": false,
    "count": 0,
    "updated": 1519112570
  },
  {
    "id": "aed5a231-6f2c-44a7-ac9d-7359cd9591aa",
    "data": [
      {
        "text": "plot",
        "userDefined": false
      }
    ],
    "isTemplate": false,
    "count": 0,
    "updated": 1519112570
  },
  {
    "id": "1d99b97e-d85d-425d-9d2b-0430cb30d4fa",
    "data": [
      {
        "text": "done",
        "userDefined": false
      }
    ],
    "isTemplate": false,
    "count": 0,
    "updated": 1519112570
  },
  {
    "id": "1fef000b-0c93-42bb-b5d8-3c95be6e3839",
    "data": [
      {
        "text": "make plot",
        "userDefined": false
      }
    ],
    "isTemplate": false,
    "count": 0,
    "updated": 1519112570
  },
  {
    "id": "f6492ed6-6c01-4c88-9c5f-579c0686a3c1",
    "data": [
      {
        "text": "draw plot",
        "userDefined": false
      }
    ],
    "isTemplate": false,
    "count": 0,
    "updated": 1518434821
  },
  {
    "id": "519e467c-7926-490f-b420-6129e034543f",
    "data": [
      {
        "text": "enough",
        "userDefined": false
      }
    ],
    "isTemplate": false,
    "count": 0,
    "updated": 1518434821
  },
  {
    "id": "c22d982b-8369-48e7-8957-e63483fb4078",
    "data": [
      {
        "text": "quite right",
        "userDefined": false
      }
    ],
    "isTemplate": false,
    "count": 0,
    "updated": 1518434821
  },
  {
    "id": "ad7b5ce5-5543-4819-8b66-3150d4b1ad7f",
    "data": [
      {
        "text": "right",
        "userDefined": false
      }
    ],
    "isTemplate": false,
    "count": 0,
    "updated": 1518434821
  },
  {
    "id": "ee02fc21-7140-4ae2-9338-5ad53c7b1790",
    "data": [
      {
        "text": "plot it",
        "userDefined": false
      }
    ],
    "isTemplate": false,
    "count": 0,
    "updated": 1518434821
  },
  {
    "id": "219fbbe3-4939-422a-8b82-53b01a8deccb",
    "data": [
      {
        "text": "make chart",
        "userDefined": false
      }
    ],
    "isTemplate": false,
    "count": 0,
    "updated": 1518434821
  },
  {
    "id": "5419a358-1e51-46ca-aeab-19067850d7cd",
    "data": [
      {
        "text": "that is all",
        "userDefined": false
      }
    ],
    "isTemplate": false,
    "count": 0,
    "updated": 1518434821
  },
  {
    "id": "f541fead-d668-4ae3-996c-0fa5e6caf320",
    "data": [
      {
        "text": "go",
        "userDefined": false
      }
    ],
    "isTemplate": false,
    "count": 0,
    "updated": 1518434821
  },
  {
    "id": "eda16bce-b915-4cb4-af60-91fafe8cff5f",
    "data": [
      {
        "text": "draw it",
        "userDefined": false
      }
    ],
    "isTemplate": false,
    "count": 0,
    "updated": 1518434821
  },
  {
    "id": "f69f16be-61e8-4d4b-8084-902800c1c824",
    "data": [
      {
        "text": "plot chart",
        "userDefined": false
      }
    ],
    "isTemplate": false,
    "count": 0,
    "updated": 1518434821
  },
  {
    "id": "430ff601-049d-42ff-8e19-f279ecc6b7fe",
    "data": [
      {
        "text": "draw",
        "userDefined": false
      }
    ],
    "isTemplate": false,
    "count": 0,
    "updated": 1518434821
  },
  {
    "id": "f58eee9f-cf79-4cd6-b1c9-b71f969499d2",
    "data": [
      {
        "text": "yes",
        "userDefined": false
      }
    ],
    "isTemplate": false,
    "count": 0,
    "updated": 1518434821
  },
  {
    "id": "5486d437-b79c-4d0a-8e50-8754dc591426",
    "data": [
      {
        "text": "that\u0027s enough",
        "userDefined": false
      }
    ],
    "isTemplate": false,
    "count": 0,
    "updated": 1518434821
  },
  {
    "id": "1ed428fd-6b6e-4808-b42c-08a2f925b12b",
    "data": [
      {
        "text": "draw chart",
        "userDefined": false
      }
    ],
    "isTemplate": false,
    "count": 0,
    "updated": 1518434821
  },
  {
    "id": "fee5bd9d-deb8-4a7e-b1f4-0045bb6a36a4",
    "data": [
      {
        "text": "that\u0027s all",
        "userDefined": false
      }
    ],
    "isTemplate": false,
    "count": 0,
    "updated": 1518434821
  },
  {
    "id": "d515f23b-ef7c-4b88-91a9-20bc62d6a50e",
    "data": [
      {
        "text": "no more",
        "userDefined": false
      }
    ],
    "isTemplate": false,
    "count": 0,
    "updated": 1518434821
  },
  {
    "id": "fd9c0a81-c53f-48c0-9441-a370cb74348e",
    "data": [
      {
        "text": "sufficient",
        "userDefined": false
      }
    ],
    "isTemplate": false,
    "count": 0,
    "updated": 1518434821
  },
  {
    "id": "6d6c8c9e-3b17-4adb-a952-a52c1c71fb20",
    "data": [
      {
        "text": " let\u0027s go",
        "userDefined": false
      }
    ],
    "isTemplate": false,
    "count": 0,
    "updated": 1518434821
  }
]