[
  {
    "id": "12efe5e4-8baf-4525-85de-cc31e46b88e2",
    "data": [
      {
        "text": "semicircle",
        "alias": "pie-chart-styles",
        "meta": "@pie-chart-styles",
        "userDefined": false
      }
    ],
    "isTemplate": false,
    "count": 0,
    "updated": 1518434399
  },
  {
    "id": "fc086d31-b55f-4f6d-8726-bad01a9d9075",
    "data": [
      {
        "text": "hemicycle",
        "alias": "pie-chart-styles",
        "meta": "@pie-chart-styles",
        "userDefined": false
      }
    ],
    "isTemplate": false,
    "count": 0,
    "updated": 1518434399
  },
  {
    "id": "a798440c-af41-4b3c-91b1-78c7369654b8",
    "data": [
      {
        "text": "half round",
        "alias": "pie-chart-styles",
        "meta": "@pie-chart-styles",
        "userDefined": false
      }
    ],
    "isTemplate": false,
    "count": 0,
    "updated": 1518434399
  },
  {
    "id": "aa4cc6f8-bf0d-4c45-99e5-e7da3e264832",
    "data": [
      {
        "text": "half",
        "alias": "pie-chart-styles",
        "meta": "@pie-chart-styles",
        "userDefined": false
      }
    ],
    "isTemplate": false,
    "count": 0,
    "updated": 1518434399
  },
  {
    "id": "5e5a2881-67b2-4ac9-b313-7afce5637b7c",
    "data": [
      {
        "text": "half-disc",
        "alias": "pie-chart-styles",
        "meta": "@pie-chart-styles",
        "userDefined": false
      }
    ],
    "isTemplate": false,
    "count": 0,
    "updated": 1518434399
  },
  {
    "id": "cff40620-cb2d-4d7d-908a-565f295283a4",
    "data": [
      {
        "text": "half circle",
        "alias": "pie-chart-styles",
        "meta": "@pie-chart-styles",
        "userDefined": false
      }
    ],
    "isTemplate": false,
    "count": 0,
    "updated": 1518434399
  },
  {
    "id": "16253927-cc7c-4d53-b7df-f599aeaf0704",
    "data": [
      {
        "text": "half pie",
        "alias": "pie-chart-styles",
        "meta": "@pie-chart-styles",
        "userDefined": false
      }
    ],
    "isTemplate": false,
    "count": 0,
    "updated": 1518434399
  }
]