[
  {
    "id": "ea6306d0-b274-49bb-86dc-8dd497dd0196",
    "data": [
      {
        "text": "donut",
        "alias": "pie-chart-styles",
        "meta": "@pie-chart-styles",
        "userDefined": false
      }
    ],
    "isTemplate": false,
    "count": 0,
    "updated": 1518434197
  },
  {
    "id": "6ae97bc0-5ae1-42c5-8860-7263b8133028",
    "data": [
      {
        "text": "donut pie",
        "alias": "pie-chart-styles",
        "meta": "@pie-chart-styles",
        "userDefined": false
      }
    ],
    "isTemplate": false,
    "count": 0,
    "updated": 1518434197
  },
  {
    "id": "4085fb15-2b19-47b7-ad4b-ca0d0efeeead",
    "data": [
      {
        "text": "with a hole",
        "alias": "pie-chart-styles",
        "meta": "@pie-chart-styles",
        "userDefined": false
      }
    ],
    "isTemplate": false,
    "count": 0,
    "updated": 1518434197
  },
  {
    "id": "a257914f-56f9-42aa-af2b-45dee4ff109b",
    "data": [
      {
        "text": "ring pie",
        "alias": "pie-chart-styles",
        "meta": "@pie-chart-styles",
        "userDefined": false
      }
    ],
    "isTemplate": false,
    "count": 0,
    "updated": 1518434197
  }
]