[
  {
    "id": "d44c9a7b-5697-420c-b2cd-fdd8df96f88b",
    "data": [
      {
        "text": "semicircle",
        "alias": "pie-chart-styles",
        "meta": "@pie-chart-styles",
        "userDefined": false
      }
    ],
    "isTemplate": false,
    "count": 0,
    "updated": 1518434399
  },
  {
    "id": "29222c9b-487b-44e1-b84c-98154c71ce4f",
    "data": [
      {
        "text": "hemicycle",
        "alias": "pie-chart-styles",
        "meta": "@pie-chart-styles",
        "userDefined": false
      }
    ],
    "isTemplate": false,
    "count": 0,
    "updated": 1518434399
  },
  {
    "id": "663343ac-f341-4570-88a9-41b40dea97b6",
    "data": [
      {
        "text": "half round",
        "alias": "pie-chart-styles",
        "meta": "@pie-chart-styles",
        "userDefined": false
      }
    ],
    "isTemplate": false,
    "count": 0,
    "updated": 1518434399
  },
  {
    "id": "e6d84b7b-ff28-40ac-8986-f9b3845defc5",
    "data": [
      {
        "text": "half",
        "alias": "pie-chart-styles",
        "meta": "@pie-chart-styles",
        "userDefined": false
      }
    ],
    "isTemplate": false,
    "count": 0,
    "updated": 1518434399
  },
  {
    "id": "a96d194d-9976-4305-9d3c-719c5eb1fb6e",
    "data": [
      {
        "text": "half-disc",
        "alias": "pie-chart-styles",
        "meta": "@pie-chart-styles",
        "userDefined": false
      }
    ],
    "isTemplate": false,
    "count": 0,
    "updated": 1518434399
  },
  {
    "id": "496003bc-e95c-4e52-8895-41d168f7a9a9",
    "data": [
      {
        "text": "half circle",
        "alias": "pie-chart-styles",
        "meta": "@pie-chart-styles",
        "userDefined": false
      }
    ],
    "isTemplate": false,
    "count": 0,
    "updated": 1518434399
  },
  {
    "id": "78f50d56-3bad-4d3a-b29a-f221cbab1ef9",
    "data": [
      {
        "text": "half pie",
        "alias": "pie-chart-styles",
        "meta": "@pie-chart-styles",
        "userDefined": false
      }
    ],
    "isTemplate": false,
    "count": 0,
    "updated": 1518434399
  }
]