[
  {
    "id": "1770bb01-567f-4ee0-9c35-79a6b4522f01",
    "data": [
      {
        "text": "make plot",
        "userDefined": false
      }
    ],
    "isTemplate": false,
    "count": 0,
    "updated": 1518524363
  },
  {
    "id": "c97ea8ff-c1c1-4d80-bb4e-d04271bc183d",
    "data": [
      {
        "text": "ready",
        "userDefined": false
      }
    ],
    "isTemplate": false,
    "count": 0,
    "updated": 1518524363
  },
  {
    "id": "26c19ef4-9024-4d30-aa67-35bd43913014",
    "data": [
      {
        "text": "that\u0027s enough",
        "userDefined": false
      }
    ],
    "isTemplate": false,
    "count": 0,
    "updated": 1518524363
  },
  {
    "id": "07f7a54b-e01f-4f15-b7ad-3da766e66c81",
    "data": [
      {
        "text": "plot chart",
        "userDefined": false
      }
    ],
    "isTemplate": false,
    "count": 0,
    "updated": 1518524363
  },
  {
    "id": "bfacb00b-55b0-4226-80dc-28963d9afceb",
    "data": [
      {
        "text": "draw chart",
        "userDefined": false
      }
    ],
    "isTemplate": false,
    "count": 0,
    "updated": 1518524363
  },
  {
    "id": "d5ca3ef3-02f7-44c0-9d89-306edb4e8b04",
    "data": [
      {
        "text": "let\u0027s go",
        "userDefined": false
      }
    ],
    "isTemplate": false,
    "count": 1,
    "updated": 1518524363
  },
  {
    "id": "e483de50-55a2-4c08-aa2b-d26c903e64fc",
    "data": [
      {
        "text": "make",
        "userDefined": false
      }
    ],
    "isTemplate": false,
    "count": 0,
    "updated": 1518524363
  },
  {
    "id": "c324a738-2444-457d-a92b-07863318a674",
    "data": [
      {
        "text": "make chart",
        "userDefined": false
      }
    ],
    "isTemplate": false,
    "count": 0,
    "updated": 1518524363
  },
  {
    "id": "94b4c38b-46d0-4856-9749-8523f836c617",
    "data": [
      {
        "text": "quite right",
        "userDefined": false
      }
    ],
    "isTemplate": false,
    "count": 0,
    "updated": 1518524363
  },
  {
    "id": "09567fed-4cbd-4856-b739-8de2eca1f353",
    "data": [
      {
        "text": "plot it",
        "userDefined": false
      }
    ],
    "isTemplate": false,
    "count": 0,
    "updated": 1518524363
  },
  {
    "id": "29c11d3e-3aab-44e4-b9fb-6630813f8912",
    "data": [
      {
        "text": "done",
        "userDefined": false
      }
    ],
    "isTemplate": false,
    "count": 0,
    "updated": 1518524363
  },
  {
    "id": "8e58627d-5ee0-4801-a183-76005a0a50a3",
    "data": [
      {
        "text": "chart",
        "userDefined": false
      }
    ],
    "isTemplate": false,
    "count": 0,
    "updated": 1518524363
  },
  {
    "id": "278da01c-c833-414c-9dbe-4c0aa2f62a27",
    "data": [
      {
        "text": "draw",
        "userDefined": false
      }
    ],
    "isTemplate": false,
    "count": 0,
    "updated": 1518524363
  },
  {
    "id": "5c4e674f-4b2d-483f-b8ba-555b463515c4",
    "data": [
      {
        "text": "plot",
        "userDefined": false
      }
    ],
    "isTemplate": false,
    "count": 0,
    "updated": 1518524363
  },
  {
    "id": "aa431345-3928-4e3c-9e94-ac098bc6549e",
    "data": [
      {
        "text": "draw plot",
        "userDefined": false
      }
    ],
    "isTemplate": false,
    "count": 0,
    "updated": 1518524363
  },
  {
    "id": "76980f89-13c7-4293-941b-b4ccfb708dcf",
    "data": [
      {
        "text": "enough",
        "userDefined": false
      }
    ],
    "isTemplate": false,
    "count": 0,
    "updated": 1518524363
  },
  {
    "id": "94eb87f8-9298-4168-b8f5-3d6608b4d99c",
    "data": [
      {
        "text": "that is all",
        "userDefined": false
      }
    ],
    "isTemplate": false,
    "count": 0,
    "updated": 1518524363
  },
  {
    "id": "e2fca117-80e9-4a93-a4bd-d2f978575f72",
    "data": [
      {
        "text": "that\u0027s all",
        "userDefined": false
      }
    ],
    "isTemplate": false,
    "count": 0,
    "updated": 1518524363
  },
  {
    "id": "2e3a3f3d-bf9e-4d06-be8c-c538b062ac53",
    "data": [
      {
        "text": "thats ok",
        "userDefined": false
      }
    ],
    "isTemplate": false,
    "count": 0,
    "updated": 1518524363
  },
  {
    "id": "437f2e9c-8680-4d2d-aab5-1f802487d3cc",
    "data": [
      {
        "text": "that\u0027s ok",
        "userDefined": false
      }
    ],
    "isTemplate": false,
    "count": 0,
    "updated": 1518524363
  },
  {
    "id": "37ad1775-7796-4db3-befa-42572f984856",
    "data": [
      {
        "text": "sufficient",
        "userDefined": false
      }
    ],
    "isTemplate": false,
    "count": 0,
    "updated": 1518524363
  },
  {
    "id": "732decb0-60ff-4972-812a-dd7fe09facda",
    "data": [
      {
        "text": "go",
        "userDefined": false
      }
    ],
    "isTemplate": false,
    "count": 0,
    "updated": 1518524363
  },
  {
    "id": "6e6afa6f-be7f-4c6e-bba1-dc4134847641",
    "data": [
      {
        "text": "right",
        "userDefined": false
      }
    ],
    "isTemplate": false,
    "count": 0,
    "updated": 1518524363
  },
  {
    "id": "cda72c4b-304a-41e6-817c-6da8ac5cc158",
    "data": [
      {
        "text": "draw it",
        "userDefined": false
      }
    ],
    "isTemplate": false,
    "count": 0,
    "updated": 1518524363
  },
  {
    "id": "b8996c6f-763b-425a-b99d-d7f5eb6caef0",
    "data": [
      {
        "text": "correct",
        "userDefined": false
      }
    ],
    "isTemplate": false,
    "count": 1,
    "updated": 1518524363
  },
  {
    "id": "7235c975-3a07-4ce3-899c-da3647d4da1b",
    "data": [
      {
        "text": "yes",
        "userDefined": false
      }
    ],
    "isTemplate": false,
    "count": 0,
    "updated": 1518524363
  },
  {
    "id": "4753b96b-3fe3-4bac-84ed-955a972a125a",
    "data": [
      {
        "text": "no more",
        "userDefined": false
      }
    ],
    "isTemplate": false,
    "count": 0,
    "updated": 1518524363
  }
]