[
  {
    "id": "ed612735-9c87-4478-bca2-da3c5f2cedff",
    "data": [
      {
        "text": "build chart",
        "userDefined": false
      }
    ],
    "isTemplate": false,
    "count": 0,
    "updated": 1519112584
  },
  {
    "id": "440f58db-8f72-492d-8c14-43a3a15e6c56",
    "data": [
      {
        "text": "make plot",
        "userDefined": false
      }
    ],
    "isTemplate": false,
    "count": 0,
    "updated": 1519112584
  },
  {
    "id": "91dbcc1b-d447-44ba-93a4-991a65a4ac9d",
    "data": [
      {
        "text": "ready",
        "userDefined": false
      }
    ],
    "isTemplate": false,
    "count": 0,
    "updated": 1519112584
  },
  {
    "id": "f5cff05b-b9dc-45e8-bd01-d13792952d03",
    "data": [
      {
        "text": "that\u0027s enough",
        "userDefined": false
      }
    ],
    "isTemplate": false,
    "count": 0,
    "updated": 1519112584
  },
  {
    "id": "cc5f8f4e-c441-41b8-84d2-28609a87d56e",
    "data": [
      {
        "text": "plot chart",
        "userDefined": false
      }
    ],
    "isTemplate": false,
    "count": 0,
    "updated": 1519112584
  },
  {
    "id": "632c152a-998d-471e-b55d-f1435e9cb045",
    "data": [
      {
        "text": "draw chart",
        "userDefined": false
      }
    ],
    "isTemplate": false,
    "count": 0,
    "updated": 1519112584
  },
  {
    "id": "efc52775-0328-41de-88ce-9886d32c6530",
    "data": [
      {
        "text": "let\u0027s go",
        "userDefined": false
      }
    ],
    "isTemplate": false,
    "count": 1,
    "updated": 1519112584
  },
  {
    "id": "48a712d1-be5f-4cdf-909a-af6531576382",
    "data": [
      {
        "text": "make",
        "userDefined": false
      }
    ],
    "isTemplate": false,
    "count": 0,
    "updated": 1519112584
  },
  {
    "id": "ddb890c5-10ec-4f36-b74f-5bb48f04f4cc",
    "data": [
      {
        "text": "make chart",
        "userDefined": false
      }
    ],
    "isTemplate": false,
    "count": 0,
    "updated": 1519112584
  },
  {
    "id": "587e237a-b57a-4dd0-a0a7-5f767ee98263",
    "data": [
      {
        "text": "quite right",
        "userDefined": false
      }
    ],
    "isTemplate": false,
    "count": 0,
    "updated": 1519112584
  },
  {
    "id": "6be6c033-1824-4bb2-bc33-f4cf39531827",
    "data": [
      {
        "text": "plot it",
        "userDefined": false
      }
    ],
    "isTemplate": false,
    "count": 0,
    "updated": 1518524363
  },
  {
    "id": "969930e8-9433-4949-a3f9-698f39b80ad4",
    "data": [
      {
        "text": "done",
        "userDefined": false
      }
    ],
    "isTemplate": false,
    "count": 0,
    "updated": 1518524363
  },
  {
    "id": "f08f8e52-1d69-4166-8308-3298850447d2",
    "data": [
      {
        "text": "chart",
        "userDefined": false
      }
    ],
    "isTemplate": false,
    "count": 0,
    "updated": 1518524363
  },
  {
    "id": "8a349bb0-8672-4d1f-8ad4-22f56d7a1935",
    "data": [
      {
        "text": "draw",
        "userDefined": false
      }
    ],
    "isTemplate": false,
    "count": 0,
    "updated": 1518524363
  },
  {
    "id": "d928d15e-31c9-4cb4-a092-6f8f1b75be58",
    "data": [
      {
        "text": "plot",
        "userDefined": false
      }
    ],
    "isTemplate": false,
    "count": 0,
    "updated": 1518524363
  },
  {
    "id": "7a0472bf-a0c7-4abc-9ba2-bc381eb0fd80",
    "data": [
      {
        "text": "draw plot",
        "userDefined": false
      }
    ],
    "isTemplate": false,
    "count": 0,
    "updated": 1518524363
  },
  {
    "id": "8706004e-4e35-42d2-9395-81dc04262af0",
    "data": [
      {
        "text": "enough",
        "userDefined": false
      }
    ],
    "isTemplate": false,
    "count": 0,
    "updated": 1518524363
  },
  {
    "id": "4c1fcd27-3348-4c0f-a8d4-12b58154d389",
    "data": [
      {
        "text": "that is all",
        "userDefined": false
      }
    ],
    "isTemplate": false,
    "count": 0,
    "updated": 1518524363
  },
  {
    "id": "0d3c5b49-6a1c-4961-a335-0dc299107c74",
    "data": [
      {
        "text": "that\u0027s all",
        "userDefined": false
      }
    ],
    "isTemplate": false,
    "count": 0,
    "updated": 1518524363
  },
  {
    "id": "241adecf-4401-4192-831a-49d452a3bcbb",
    "data": [
      {
        "text": "thats ok",
        "userDefined": false
      }
    ],
    "isTemplate": false,
    "count": 0,
    "updated": 1518524363
  },
  {
    "id": "5b359217-1fa3-42b7-b73b-c2a330294b60",
    "data": [
      {
        "text": "that\u0027s ok",
        "userDefined": false
      }
    ],
    "isTemplate": false,
    "count": 0,
    "updated": 1518524363
  },
  {
    "id": "9e716ff3-bd04-4465-9091-08ef1b9d936c",
    "data": [
      {
        "text": "sufficient",
        "userDefined": false
      }
    ],
    "isTemplate": false,
    "count": 0,
    "updated": 1518524363
  },
  {
    "id": "c84bc259-1cb7-49f9-bb43-8f12b4909cb7",
    "data": [
      {
        "text": "go",
        "userDefined": false
      }
    ],
    "isTemplate": false,
    "count": 0,
    "updated": 1518524363
  },
  {
    "id": "56ac1ee2-2ff1-4ec2-a552-46be285a5775",
    "data": [
      {
        "text": "right",
        "userDefined": false
      }
    ],
    "isTemplate": false,
    "count": 0,
    "updated": 1518524363
  },
  {
    "id": "5f69c886-8059-477c-85ec-0265ace52702",
    "data": [
      {
        "text": "draw it",
        "userDefined": false
      }
    ],
    "isTemplate": false,
    "count": 0,
    "updated": 1518524363
  },
  {
    "id": "4799b81c-883c-4694-9f24-8a2f86b46d54",
    "data": [
      {
        "text": "correct",
        "userDefined": false
      }
    ],
    "isTemplate": false,
    "count": 1,
    "updated": 1518524363
  },
  {
    "id": "6fca1939-3ba8-4893-8ce0-c9f951e2b0dc",
    "data": [
      {
        "text": "yes",
        "userDefined": false
      }
    ],
    "isTemplate": false,
    "count": 0,
    "updated": 1518524363
  },
  {
    "id": "e65ec28a-2935-4d79-855c-a6215d9056c0",
    "data": [
      {
        "text": "no more",
        "userDefined": false
      }
    ],
    "isTemplate": false,
    "count": 0,
    "updated": 1518524363
  }
]