[
  {
    "id": "74240b5a-9793-4317-835c-8587b493a12e",
    "data": [
      {
        "text": "make plot",
        "userDefined": false
      }
    ],
    "isTemplate": false,
    "count": 0,
    "updated": 1518524363
  },
  {
    "id": "50810f6d-708d-4ce9-a64a-cd86abddfcfa",
    "data": [
      {
        "text": "ready",
        "userDefined": false
      }
    ],
    "isTemplate": false,
    "count": 0,
    "updated": 1518524363
  },
  {
    "id": "74b76978-ab1a-44f7-a032-c61f67a461b5",
    "data": [
      {
        "text": "that\u0027s enough",
        "userDefined": false
      }
    ],
    "isTemplate": false,
    "count": 0,
    "updated": 1518524363
  },
  {
    "id": "4c604136-b5ba-408a-874d-38f018eacf0d",
    "data": [
      {
        "text": "plot chart",
        "userDefined": false
      }
    ],
    "isTemplate": false,
    "count": 0,
    "updated": 1518524363
  },
  {
    "id": "6704ff99-8771-4949-beaa-4fed85f3948c",
    "data": [
      {
        "text": "draw chart",
        "userDefined": false
      }
    ],
    "isTemplate": false,
    "count": 0,
    "updated": 1518524363
  },
  {
    "id": "3fe1d6bd-a643-4afd-b2ca-deefe0b4a9df",
    "data": [
      {
        "text": "let\u0027s go",
        "userDefined": false
      }
    ],
    "isTemplate": false,
    "count": 1,
    "updated": 1518524363
  },
  {
    "id": "9bfa8cde-d6d8-46be-8f5a-46ee355d4df6",
    "data": [
      {
        "text": "make",
        "userDefined": false
      }
    ],
    "isTemplate": false,
    "count": 0,
    "updated": 1518524363
  },
  {
    "id": "57332e2e-4898-4516-a7e2-46f1bb2d7b5b",
    "data": [
      {
        "text": "make chart",
        "userDefined": false
      }
    ],
    "isTemplate": false,
    "count": 0,
    "updated": 1518524363
  },
  {
    "id": "a32b3135-089f-4540-9226-4c2b429d7634",
    "data": [
      {
        "text": "quite right",
        "userDefined": false
      }
    ],
    "isTemplate": false,
    "count": 0,
    "updated": 1518524363
  },
  {
    "id": "b6b8c0c5-ba24-4e34-baae-8f3e50563a42",
    "data": [
      {
        "text": "plot it",
        "userDefined": false
      }
    ],
    "isTemplate": false,
    "count": 0,
    "updated": 1518524363
  },
  {
    "id": "f4d66f22-9e50-4f33-8681-1d05bb963bac",
    "data": [
      {
        "text": "done",
        "userDefined": false
      }
    ],
    "isTemplate": false,
    "count": 0,
    "updated": 1518524363
  },
  {
    "id": "a7a3961d-16b1-46b0-820a-9bab4266f30c",
    "data": [
      {
        "text": "chart",
        "userDefined": false
      }
    ],
    "isTemplate": false,
    "count": 0,
    "updated": 1518524363
  },
  {
    "id": "d7a099f5-47e6-4f0b-927b-7a70a8db3e09",
    "data": [
      {
        "text": "draw",
        "userDefined": false
      }
    ],
    "isTemplate": false,
    "count": 0,
    "updated": 1518524363
  },
  {
    "id": "68cd4432-20f0-4fd9-a935-83eaedfec606",
    "data": [
      {
        "text": "plot",
        "userDefined": false
      }
    ],
    "isTemplate": false,
    "count": 0,
    "updated": 1518524363
  },
  {
    "id": "338d143d-1f19-4ca8-b71b-317147afaa5a",
    "data": [
      {
        "text": "draw plot",
        "userDefined": false
      }
    ],
    "isTemplate": false,
    "count": 0,
    "updated": 1518524363
  },
  {
    "id": "626ffe46-bdd7-4a3e-8940-c83da128f2c1",
    "data": [
      {
        "text": "enough",
        "userDefined": false
      }
    ],
    "isTemplate": false,
    "count": 0,
    "updated": 1518524363
  },
  {
    "id": "574c8e3d-3116-48f2-9cb0-b203777efae3",
    "data": [
      {
        "text": "that is all",
        "userDefined": false
      }
    ],
    "isTemplate": false,
    "count": 0,
    "updated": 1518524363
  },
  {
    "id": "76f3c241-1c09-40cf-a9fa-921af79b1708",
    "data": [
      {
        "text": "that\u0027s all",
        "userDefined": false
      }
    ],
    "isTemplate": false,
    "count": 0,
    "updated": 1518524363
  },
  {
    "id": "17a35af6-5df8-4d51-800b-280eff48966e",
    "data": [
      {
        "text": "thats ok",
        "userDefined": false
      }
    ],
    "isTemplate": false,
    "count": 0,
    "updated": 1518524363
  },
  {
    "id": "50d6df22-0b69-4ec2-88ff-65e8d2762865",
    "data": [
      {
        "text": "that\u0027s ok",
        "userDefined": false
      }
    ],
    "isTemplate": false,
    "count": 0,
    "updated": 1518524363
  },
  {
    "id": "2fb2deb5-7a7c-4d52-bd95-689260e18eb0",
    "data": [
      {
        "text": "sufficient",
        "userDefined": false
      }
    ],
    "isTemplate": false,
    "count": 0,
    "updated": 1518524363
  },
  {
    "id": "f980164a-5425-4477-817e-b99643a87a40",
    "data": [
      {
        "text": "go",
        "userDefined": false
      }
    ],
    "isTemplate": false,
    "count": 0,
    "updated": 1518524363
  },
  {
    "id": "14fbbfaa-ba48-4752-91b8-9339d0c85f18",
    "data": [
      {
        "text": "right",
        "userDefined": false
      }
    ],
    "isTemplate": false,
    "count": 0,
    "updated": 1518524363
  },
  {
    "id": "331b4ccd-81d2-4be1-80da-2722c192614b",
    "data": [
      {
        "text": "draw it",
        "userDefined": false
      }
    ],
    "isTemplate": false,
    "count": 0,
    "updated": 1518524363
  },
  {
    "id": "ba1a9108-3b4a-4a4f-a505-e729a7940df1",
    "data": [
      {
        "text": "correct",
        "userDefined": false
      }
    ],
    "isTemplate": false,
    "count": 1,
    "updated": 1518524363
  },
  {
    "id": "557ef1d6-5327-4ca4-837a-b1deb6ab5452",
    "data": [
      {
        "text": "yes",
        "userDefined": false
      }
    ],
    "isTemplate": false,
    "count": 0,
    "updated": 1518524363
  },
  {
    "id": "4ed02a29-bc31-47ea-bd4a-49d439c9f7f6",
    "data": [
      {
        "text": "no more",
        "userDefined": false
      }
    ],
    "isTemplate": false,
    "count": 0,
    "updated": 1518524363
  }
]