[
  {
    "id": "a4f72a17-830f-419c-b949-8dbbc8e3e1c4",
    "data": [
      {
        "text": "dot diagram",
        "alias": "chart-types",
        "meta": "@chart-types",
        "userDefined": false
      }
    ],
    "isTemplate": false,
    "count": 0,
    "updated": 1518524018
  },
  {
    "id": "ece146fa-6bc4-4996-b626-43a416a3ca9e",
    "data": [
      {
        "text": "scatter plot",
        "alias": "chart-types",
        "meta": "@chart-types",
        "userDefined": false
      }
    ],
    "isTemplate": false,
    "count": 0,
    "updated": 1518524018
  },
  {
    "id": "075cb7d9-3620-46b6-a53c-9574dbbc7460",
    "data": [
      {
        "text": "scater chart",
        "alias": "chart-types",
        "meta": "@chart-types",
        "userDefined": false
      }
    ],
    "isTemplate": false,
    "count": 0,
    "updated": 1518524018
  },
  {
    "id": "89fcc000-fe8f-42d6-90c8-ea6cca34820c",
    "data": [
      {
        "text": "scatter chart",
        "alias": "chart-types",
        "meta": "@chart-types",
        "userDefined": false
      }
    ],
    "isTemplate": false,
    "count": 0,
    "updated": 1518524018
  },
  {
    "id": "8d0ad1be-639e-4786-ad43-6c8b443812ee",
    "data": [
      {
        "text": "dots",
        "alias": "chart-types",
        "meta": "@chart-types",
        "userDefined": false
      }
    ],
    "isTemplate": false,
    "count": 0,
    "updated": 1518524018
  },
  {
    "id": "2917fe9f-c06b-4a26-a399-3f0f51e0d350",
    "data": [
      {
        "text": "scattergraph",
        "alias": "chart-types",
        "meta": "@chart-types",
        "userDefined": false
      }
    ],
    "isTemplate": false,
    "count": 0,
    "updated": 1518524018
  },
  {
    "id": "9d803734-d93a-4e62-bc53-ea4837d8a09f",
    "data": [
      {
        "text": "xy",
        "alias": "chart-types",
        "meta": "@chart-types",
        "userDefined": false
      }
    ],
    "isTemplate": false,
    "count": 0,
    "updated": 1518524018
  },
  {
    "id": "1697c828-cb17-4516-9b13-302dc14ff6fe",
    "data": [
      {
        "text": "points",
        "alias": "chart-types",
        "meta": "@chart-types",
        "userDefined": false
      }
    ],
    "isTemplate": false,
    "count": 0,
    "updated": 1518524018
  },
  {
    "id": "9a6f7c83-e47d-4791-97b0-5e27e3f0ce01",
    "data": [
      {
        "text": "point by point",
        "alias": "chart-types",
        "meta": "@chart-types",
        "userDefined": false
      }
    ],
    "isTemplate": false,
    "count": 0,
    "updated": 1518524018
  },
  {
    "id": "7b4163fa-676a-4442-8d3b-da8d8472b9f2",
    "data": [
      {
        "text": "point-by-point plot",
        "alias": "chart-types",
        "meta": "@chart-types",
        "userDefined": false
      }
    ],
    "isTemplate": false,
    "count": 0,
    "updated": 1518524018
  },
  {
    "id": "023358fd-a859-4766-822d-636559511508",
    "data": [
      {
        "text": "scatter diagram",
        "alias": "chart-types",
        "meta": "@chart-types",
        "userDefined": false
      }
    ],
    "isTemplate": false,
    "count": 0,
    "updated": 1518524018
  },
  {
    "id": "31d37f40-14ca-49ab-9c22-db96548db1ba",
    "data": [
      {
        "text": "point plot",
        "alias": "chart-types",
        "meta": "@chart-types",
        "userDefined": false
      }
    ],
    "isTemplate": false,
    "count": 0,
    "updated": 1518524018
  },
  {
    "id": "eddc964b-3c8b-41e4-8106-ad8e6ca966cd",
    "data": [
      {
        "text": "scatter",
        "alias": "chart-types",
        "meta": "@chart-types",
        "userDefined": false
      }
    ],
    "isTemplate": false,
    "count": 0,
    "updated": 1518524018
  },
  {
    "id": "76c26532-bc59-4b47-ad46-82c34d40c86e",
    "data": [
      {
        "text": "scater",
        "alias": "chart-types",
        "meta": "@chart-types",
        "userDefined": false
      }
    ],
    "isTemplate": false,
    "count": 0,
    "updated": 1518524018
  },
  {
    "id": "ee820b5e-db12-4c94-b0c9-497902794537",
    "data": [
      {
        "text": "point chart",
        "alias": "chart-types",
        "meta": "@chart-types",
        "userDefined": false
      }
    ],
    "isTemplate": false,
    "count": 0,
    "updated": 1518524018
  }
]