[
  {
    "id": "cbf83492-c5ce-4af2-a07a-5fe9a91f4473",
    "data": [
      {
        "text": "dot diagram",
        "alias": "chart-types",
        "meta": "@chart-types",
        "userDefined": false
      }
    ],
    "isTemplate": false,
    "count": 0,
    "updated": 1518524018
  },
  {
    "id": "ff777de9-6870-4a69-bc37-fa90f59097cf",
    "data": [
      {
        "text": "scatter plot",
        "alias": "chart-types",
        "meta": "@chart-types",
        "userDefined": false
      }
    ],
    "isTemplate": false,
    "count": 0,
    "updated": 1518524018
  },
  {
    "id": "846392a6-9e32-46ca-be47-d9bd3cd18f39",
    "data": [
      {
        "text": "scater chart",
        "alias": "chart-types",
        "meta": "@chart-types",
        "userDefined": false
      }
    ],
    "isTemplate": false,
    "count": 0,
    "updated": 1518524018
  },
  {
    "id": "64720b8d-dd78-46de-b2cc-c1d8fcbb0704",
    "data": [
      {
        "text": "scatter chart",
        "alias": "chart-types",
        "meta": "@chart-types",
        "userDefined": false
      }
    ],
    "isTemplate": false,
    "count": 0,
    "updated": 1518524018
  },
  {
    "id": "66db3213-0fd2-4c3c-a511-f04ae49d6cf1",
    "data": [
      {
        "text": "dots",
        "alias": "chart-types",
        "meta": "@chart-types",
        "userDefined": false
      }
    ],
    "isTemplate": false,
    "count": 0,
    "updated": 1518524018
  },
  {
    "id": "f79858c1-a320-4951-937e-794cf2a9a641",
    "data": [
      {
        "text": "scattergraph",
        "alias": "chart-types",
        "meta": "@chart-types",
        "userDefined": false
      }
    ],
    "isTemplate": false,
    "count": 0,
    "updated": 1518524018
  },
  {
    "id": "fb56c72f-26fe-46d9-8f80-69cec73f05ff",
    "data": [
      {
        "text": "xy",
        "alias": "chart-types",
        "meta": "@chart-types",
        "userDefined": false
      }
    ],
    "isTemplate": false,
    "count": 0,
    "updated": 1518524018
  },
  {
    "id": "ea0c626a-5d3f-4fcb-b0ac-d5bc0abdfbde",
    "data": [
      {
        "text": "points",
        "alias": "chart-types",
        "meta": "@chart-types",
        "userDefined": false
      }
    ],
    "isTemplate": false,
    "count": 0,
    "updated": 1518524018
  },
  {
    "id": "b1c42a6d-a455-4331-a299-bff74a29bbc5",
    "data": [
      {
        "text": "point by point",
        "alias": "chart-types",
        "meta": "@chart-types",
        "userDefined": false
      }
    ],
    "isTemplate": false,
    "count": 0,
    "updated": 1518524018
  },
  {
    "id": "5dba76a2-4bda-4a68-9645-40fc3d3b8bd9",
    "data": [
      {
        "text": "point-by-point plot",
        "alias": "chart-types",
        "meta": "@chart-types",
        "userDefined": false
      }
    ],
    "isTemplate": false,
    "count": 0,
    "updated": 1518524018
  },
  {
    "id": "56dc607a-a57b-471c-ad7c-20efb5f94147",
    "data": [
      {
        "text": "scatter diagram",
        "alias": "chart-types",
        "meta": "@chart-types",
        "userDefined": false
      }
    ],
    "isTemplate": false,
    "count": 0,
    "updated": 1518524018
  },
  {
    "id": "fac890be-e104-4144-b27b-33de1069da41",
    "data": [
      {
        "text": "point plot",
        "alias": "chart-types",
        "meta": "@chart-types",
        "userDefined": false
      }
    ],
    "isTemplate": false,
    "count": 0,
    "updated": 1518524018
  },
  {
    "id": "a51c2445-7ca0-4eb5-a3e5-2aa318b55497",
    "data": [
      {
        "text": "scatter",
        "alias": "chart-types",
        "meta": "@chart-types",
        "userDefined": false
      }
    ],
    "isTemplate": false,
    "count": 0,
    "updated": 1518524018
  },
  {
    "id": "6188479f-e811-453a-b71a-3a6111c45692",
    "data": [
      {
        "text": "scater",
        "alias": "chart-types",
        "meta": "@chart-types",
        "userDefined": false
      }
    ],
    "isTemplate": false,
    "count": 0,
    "updated": 1518524018
  },
  {
    "id": "44eefb84-cef0-4030-ab3f-49f6c898f3bd",
    "data": [
      {
        "text": "point chart",
        "alias": "chart-types",
        "meta": "@chart-types",
        "userDefined": false
      }
    ],
    "isTemplate": false,
    "count": 0,
    "updated": 1518524018
  }
]